ACCESSION,SOURCE,HOST
AM980502,Erwinia pyrifoliae,Pyrus pyrifolia
AM980507,Erwinia amylovora,Rubus sp.
AM980506,Erwinia amylovora,Rubus sp.
AM980505,Erwinia pyrifoliae,Pyrus pyrifolia
AM980504,Erwinia pyrifoliae,Pyrus pyrifolia
AM980503,Erwinia pyrifoliae,Pyrus pyrifolia
LC741316,Erwinia pyrifoliae,apple
LC590218,Erwinia sp.,Carica papaya
LC557153,Erwinia amylovora,Prunus armeniaca (apricot)
LM651373,Erwinia persicina,Allium sativum
LM651372,Erwinia persicina,Allium sativum
HE575618,uncultured Erwinia sp.,Brevicoryne brassicae
HE575613,uncultured Erwinia sp.,Brevicoryne brassicae
HE575612,uncultured Erwinia sp.,Brevicoryne brassicae
HE575611,uncultured Erwinia sp.,Brevicoryne brassicae
HE575587,uncultured Erwinia sp.,Brevicoryne brassicae
HE575586,uncultured Erwinia sp.,Brevicoryne brassicae
HE575579,uncultured Erwinia sp.,Brevicoryne brassicae
HE575577,uncultured Erwinia sp.,Brevicoryne brassicae
AJ586620,Candidatus Erwinia dacicola,Bactrocera oleae: pharyngeal bulb
FM958431,Candidatus Erwinia dacicola,Bactrocera oleae
FM958430,Candidatus Erwinia dacicola,Bactrocera oleae
FM958429,Candidatus Erwinia dacicola,Bactrocera oleae
FM958428,Candidatus Erwinia dacicola,Bactrocera oleae
AM294946,Erwinia persicina,Pisum sativum
AJ746202,Erwinia amylovora,Rubus sp.
AJ746201,Erwinia amylovora,Amelanchier sp.
HF546214,Erwinia amylovora,Prunus armeniaca
HF564622,Erwinia amylovora,Prunus cerasifera cv. Nigra
AJ971890,Erwinia sp. Ob 05,Osmia bicornis
NR_117353,Erwinia piriflorinigrans CFBP 5888,pear
GQ405202,Erwinia piriflorinigrans CFBP 5888,pear
MT778885,Erwinia tasmaniensis Et1/99,Lactuca serriola
MT778067,Erwinia tasmaniensis Et1/99,Lactuca serriola
MT777707,Erwinia tasmaniensis Et1/99,Lactuca serriola
MT776534,Erwinia tasmaniensis Et1/99,Lactuca serriola
MT776430,Erwinia tasmaniensis Et1/99,Lactuca serriola
MF682394,Erwinia papayae,Carica papaya
GQ405203,Erwinia piriflorinigrans,pear
HF913430,Dickeya chrysanthemi (Pectobacterium chrysanthemi),Chrysanthemum x morifolium
GQ478378,Candidatus Erwinia dacicola,Bactrocera oleae (olive fly)
GQ478377,Candidatus Erwinia dacicola,Bactrocera oleae (olive fly)
GQ478373,Candidatus Erwinia dacicola,Bactrocera oleae (olive fly)
OR041654,Erwinia tracheiphila,cucumber
OQ979237,Erwinia sp.,Tagetus erecta
MZ188914,Erwinia rhapontici,onion
MZ188913,Erwinia rhapontici,onion
MZ188912,Erwinia rhapontici,onion
MZ188911,Erwinia rhapontici,onion
MZ188910,Erwinia persicina,onion
MZ188909,Erwinia persicina,onion
MZ188908,Erwinia persicina,onion
MZ188907,Erwinia persicina,onion
MT386300,Erwinia sp.,Atelopus limosus
MT322792,Erwinia papayae,papaya
MT322787,Erwinia papayae,papaya
MT322776,Erwinia papayae,papaya
MT322774,Erwinia papayae,papaya
MT322635,Erwinia papayae,papaya
MT322310,Erwinia papayae,papaya
MK796533,Erwinia sp.,Canna indica
MK356449,Erwinia tracheiphila,Cucumis melo
MG839256,Erwinia amylovora,bergamot pear
MG839255,Erwinia amylovora,bergamot pear
MG839250,Erwinia amylovora,apple
MG590152,Erwinia amylovora,a kind of pear grown in Hebei Province
MG589637,Erwinia amylovora,bergamot pear
MG589520,Erwinia amylovora,Pyrus betulifolia
MG241263,Erwinia amylovora,walnut
MG241262,Erwinia amylovora,Fuji Apple
MG241110,Erwinia amylovora,bergamot pear
MF780734,Erwinia amylovora,bergamot pear
MF150301,Erwinia amylovora,Pyrus betulifolia
KY446028,Erwinia rhapontici,Pelargonium sp.
KY446027,Erwinia rhapontici,Pelargonium sp.
KY446026,Erwinia rhapontici,Pelargonium sp.
MF045827,Erwinia amylovora,bergamot pear
AF289542,Erwinia amylovora,apple tree
PP439827,Erwinia sp.,Insect
PP213777,Erwinia persicina,Solanum tuberosum; cultivar: Rivera
PP213776,Erwinia persicina,Solanum tuberosum; cultivar: Gala
PP213775,Erwinia persicina,Solanum tuberosum; cultivar: Nevski
PP213774,Erwinia persicina,Solanum tuberosum; cultivar: Gala
PP213773,Erwinia persicina,Solanum tuberosum; cultivar: Lady Clear
OR046071,Erwinia tracheiphila,cucumber
OR046070,Erwinia tracheiphila,cucumber
OR041675,Erwinia tracheiphila,cucumber
OR041660,Erwinia tracheiphila,cucumber
OR041657,Erwinia tracheiphila,cucumber
OR041591,Erwinia tracheiphila,cucumber
OR041508,Erwinia tracheiphila,cucumber
OR041507,Erwinia tracheiphila,cucumber
OR041504,Erwinia tracheiphila,cucumber
OQ851893,Erwinia amylovora,Pyrus sinkiangensis
OP753570,Erwinia amylovora,Crataegus pinnatifida
OP753569,Erwinia amylovora,Crataegus pinnatifida
ON041217,Erwinia persicina,Garlic
ON013929,Erwinia mallotivora,South East Asian mallotus
MW544754,Erwinia amylovora,strawberry
MW544753,Erwinia amylovora,strawberry
MW544752,Erwinia amylovora,strawberry
MW544750,Erwinia amylovora,pear
MW544749,Erwinia amylovora,apple
LC490820,Erwinia persicina,Hordeum vulgare
LC490819,Erwinia persicina,Hordeum vulgare
LC490818,Erwinia persicina,Hordeum vulgare
LC490817,Erwinia persicina,Hordeum vulgare
LC490816,Erwinia persicina,Hordeum vulgare
LC490815,Erwinia persicina,Hordeum vulgare
LC490814,Erwinia persicina,Hordeum vulgare
LC490813,Erwinia persicina,Hordeum vulgare
LC490812,Erwinia persicina,Hordeum vulgare
LC490811,Erwinia persicina,Hordeum vulgare
LC490810,Erwinia persicina,Hordeum vulgare
LC490809,Erwinia persicina,Hordeum vulgare
LC424328,Erwinia persicina,Hordeum vulgare
LC424327,Erwinia persicina,Hordeum vulgare
LC424326,Erwinia persicina,Hordeum vulgare
LC424325,Erwinia persicina,Hordeum vulgare
LC424324,Erwinia persicina,Hordeum vulgare
LC424323,Erwinia persicina,Hordeum vulgare
LC424322,Erwinia persicina,Hordeum vulgare
LC424321,Erwinia persicina,Hordeum vulgare
LC424320,Erwinia persicina,Hordeum vulgare
LC424319,Erwinia persicina,Hordeum vulgare
LC424318,Erwinia persicina,Hordeum vulgare
LC424317,Erwinia persicina,Hordeum vulgare
LC424316,Erwinia persicina,Hordeum vulgare
MW142374,Erwinia amylovora,Malus domestica
MW142373,Erwinia amylovora,Malus domestica
MW142372,Erwinia amylovora,Malus domestica
MW142371,Erwinia amylovora,Malus domestica
MW142370,Erwinia amylovora,Malus domestica
MW142369,Erwinia amylovora,Malus domestica
MW142368,Erwinia amylovora,Malus domestica
MW142367,Erwinia amylovora,Malus domestica
MW142366,Erwinia amylovora,Malus domestica
MW142365,Erwinia amylovora,Malus domestica
MW142364,Erwinia amylovora,Malus domestica
MW142363,Erwinia amylovora,Malus domestica
MW142362,Erwinia amylovora,Malus domestica
MW142361,Erwinia amylovora,Malus domestica
MW142360,Erwinia amylovora,Malus domestica
MW142359,Erwinia amylovora,Malus domestica
MW142358,Erwinia amylovora,Malus domestica
MW142357,Erwinia amylovora,Malus domestica
MW142356,Erwinia amylovora,Malus domestica
MW142355,Erwinia amylovora,Malus domestica
MW142354,Erwinia amylovora,Malus domestica
MW133041,uncultured Erwinia sp.,Vitis vinifera L
MT912568,Erwinia mallotivora,papaya
MT912567,Erwinia mallotivora,papaya
MN620381,Erwinia tracheiphila,Cucurbita pepo
MK211752,Erwinia amylovora,pear
KY495784,Erwinia rhapontici,lucerne
KU312052,Erwinia rhapontici,pea
KU312051,Erwinia rhapontici,pea
KU312050,Erwinia rhapontici,pea
KU312046,Erwinia rhapontici,pea
KM878583,Erwinia sp. GM9,insect
KM878582,Erwinia sp. GM7,insect
KM878581,Erwinia sp. GM3,insect
KF887233,Erwinia sp. RGM011,Lauritrioza alacris
KF887232,Erwinia sp. LTM09,Lauritrioza alacris
KF887231,uncultured Erwinia sp.,Lauritrioza alacris
KF887230,uncultured Erwinia sp.,Lauritrioza alacris
KF887229,uncultured Erwinia sp.,Lauritrioza alacris
KF887228,uncultured Erwinia sp.,Lauritrioza alacris
KF887227,uncultured Erwinia sp.,Lauritrioza alacris
KF887226,uncultured Erwinia sp.,Lauritrioza alacris
KF887225,uncultured Erwinia sp.,Lauritrioza alacris
KF887224,uncultured Erwinia sp.,Lauritrioza alacris
KF058043,Erwinia mallotivora,Carica papaya (papaya)
KF058042,Erwinia mallotivora,Carica papaya (papaya)
KF058041,Erwinia mallotivora,Carica papaya (papaya)
KF058040,Erwinia mallotivora,Carica papaya (papaya)
KF058039,Erwinia mallotivora,Carica papaya (papaya)
KF058038,Erwinia mallotivora,Carica papaya (papaya)
KF058037,Erwinia mallotivora,Carica papaya (papaya)
KF058036,Erwinia mallotivora,Carica papaya (papaya)
KF058031,Erwinia mallotivora,Carica papaya (papaya)
KF058030,Erwinia mallotivora,Carica papaya (papaya)
KF058029,Erwinia mallotivora,Carica papaya (papaya)
KF058028,Erwinia mallotivora,Carica papaya (papaya)
KF058027,Erwinia mallotivora,Carica papaya (papaya)
KF058026,Erwinia mallotivora,Carica papaya (papaya)
KF058025,Erwinia mallotivora,Carica papaya (papaya)
KF058024,Erwinia mallotivora,Carica papaya (papaya)
KF058023,Erwinia mallotivora,Carica papaya (papaya)
KF058022,Erwinia mallotivora,Carica papaya (papaya)
KF058021,Erwinia mallotivora,Carica papaya (papaya)
KF058020,Erwinia mallotivora,Carica papaya (papaya)
KF058019,Erwinia mallotivora,Carica papaya (papaya)
KF058018,Erwinia mallotivora,Carica papaya (papaya)
KF500098,Erwinia rhapontici,Angelica acutiloba (Sieb. & Zucc.) Kitag.
KC762218,Erwinia persicina,Cucurbita pepo
JN224975,Erwinia sp. C17(2011),Catharanthus roseus
JN900058,Erwinia persicina,Medicago sativa
PP741839,Erwinia sp.,Punica granatum
PP594295,uncultured Erwinia sp.,Delia antiqua larvae
PP390155,Erwinia papayae,Punica granatum
PP390104,Erwinia sp.,Punica granatum
PP227362,Erwinia typographi,Ips typographus
PP227361,Erwinia typographi,Ips typographus
PP227360,Erwinia typographi,Ips typographus
PP227357,Erwinia typographi,Ips typographus
PP227356,Erwinia typographi,Ips typographus
PP227355,Erwinia typographi,Ips typographus
PP227352,Erwinia sp.,Ips typographus
PP227345,Erwinia typographi,Ips typographus
PP227338,Erwinia sp.,Ips typographus
PP227334,Erwinia typographi,Ips typographus
PP227333,Erwinia typographi,Ips typographus
PP227330,Erwinia typographi,Ips typographus
PP227329,Erwinia sp.,Ips typographus
PP227326,Erwinia typographi,Ips typographus
PP227325,Erwinia typographi,Ips typographus
PP227317,Erwinia typographi,Ips typographus
PP227302,Erwinia sp.,Ips typographus
PP227301,Erwinia sp.,Ips typographus
PP227299,Erwinia sp.,Ips typographus
PP227294,Erwinia typographi,Ips typographus
PP103263,Erwinia amylovora,Pyrus pyrifolia
PP059564,Erwinia sp.,Rosa rugosa
PP059208,Erwinia sp.,Honey bee
PP038030,Erwinia sp.,Crepidiastrum sonchifolium
OR906985,Erwinia amylovora,pear
OR577630,Erwinia sp.,Carica papaya
OR577629,Erwinia sp.,Carica papaya
OR577628,Erwinia sp.,Carica papaya
OP935797,Erwinia typographi,Ips typographus Teneral adult
OP935796,Erwinia typographi,Ips typographus Adult
OP935795,Erwinia typographi,Ips typographus Adult
OP935794,Erwinia amylovora,Ips typographus Larvae
OP935793,Erwinia typographi,Ips typographus Larvae
OP935792,Erwinia typographi,Ips typographus Larvae
OP935791,Erwinia typographi,Ips typographus Larvae
OP935790,Erwinia typographi,Ips typographus Adult
OP935789,Erwinia typographi,Ips typographus Adult
OP935788,Erwinia typographi,Ips typographus Adult
OP935787,Erwinia typographi,Ips typographus Adult
OP935786,Erwinia typographi,Ips typographus Adult
OP935785,Erwinia typographi,Ips typographus Adult
OP935784,Erwinia billingiae,Ips typographus Adult
OP935783,Erwinia typographi,Ips typographus Adult
OP935782,Erwinia typographi,Ips typographus Adult
OP935781,Erwinia typographi,Ips typographus Adult
OP935780,Erwinia billingiae,Ips typographus Adult
OP935779,Erwinia typographi,Ips typographus Puppae
OP935778,Erwinia typographi,Ips typographus Adult
OP926017,Erwinia amylovora,pear
OP904198,Erwinia billingiae,Chinese quince
OP776751,Erwinia pyrifoliae,apple
OP595695,Erwinia aphidicola,Highbust blueberry (Vaccinium corymbosum)
OP595667,Erwinia aphidicola,Highbust blueberry (Vaccinium corymbosum)
OP102675,Erwinia sp.,Salix
OP102674,Erwinia sp.,Salix
OP102673,Erwinia sp.,Salix
OP102667,Erwinia sp.,Salix
OP102647,Erwinia sp.,Salix
OP102645,Erwinia sp.,Salix
OP102640,Erwinia sp.,Salix
OP102633,Erwinia sp.,Salix
OP102627,Erwinia billingiae,Salix
OP102621,Erwinia billingiae,Salix
OP102618,Erwinia aphidicola,Salix
OP102617,Erwinia billingiae,Salix
OP102616,Erwinia sp.,Salix
OP102614,Erwinia billingiae,Salix
OP102605,Erwinia sp.,Salix
OP102602,Erwinia sp.,Salix
OP050393,Erwinia sp.,Salvia sclarea
OM838449,Erwinia sp.,Santalum album
OM791755,Erwinia sp.,Pelophylax ridibundus
OM791754,Erwinia sp.,Pelophylax ridibundus
OM791753,Erwinia sp.,Pelophylax ridibundus
OM791752,Erwinia sp.,Pelophylax ridibundus
OM791751,Erwinia sp.,Pelophylax ridibundus
OM471742,Erwinia endophytica,Limonium daveaui
OM442965,Erwinia sp.,sugarbeet
OM442947,Erwinia billingiae,sugarbeet
OM436920,Erwinia persicina,sugarbeet
OK597191,Erwinia persicina,carrot
MW115325,Erwinia sp.,Quercus suber
MW786972,Erwinia amylovora,pear
MZ501317,Erwinia sp.,Sesamum indicum
MW832500,Erwinia rhapontici,carrot
MT634454,Erwinia persicina,Astragalus tibetanus
MT634445,Erwinia persicina,Astragalus tibetanus
MW133727,Erwinia tasmaniensis,Musa acuminata cv. Ambon
MN636670,Erwinia billingiae,Spergularia marina
MT893349,Erwinia amylovora,Malus pumila Mill.
MT878387,Erwinia persicina,wheat
MT878368,Erwinia persicina,wheat
MT791238,Erwinia tasmaniensis,Lactuca serriola
MT568607,Erwinia persicina,Cucurbita pepo
MT367838,Erwinia tasmaniensis,Oryza sativa
MT270791,Erwinia sp.,tobacco
MN249608,Erwinia sp.,Rep. of Korea
MK474993,Erwinia persicina,Crocus sativus
MK382470,Erwinia billingiae,Vitis vinifera
MK356446,Erwinia tracheiphila,Cucumis sativus
MK356441,Erwinia tracheiphila,Cucumis sativus
MK114615,Erwinia aphidicola,Vitis vinifera
MK114614,Erwinia billingiae,Vitis vinifera
MK114613,Erwinia billingiae,Vitis vinifera
MK114612,Erwinia aphidicola,Vitis vinifera
MG198689,Erwinia aphidicola,Drosophila suzukii
MG198678,Erwinia aphidicola,Drosophila suzukii
KX456418,uncultured Erwinia sp.,Espadarana prosoblepon
MF458862,Erwinia sp.,Triticum aestivum
MG859640,Erwinia sp.,Pristimantis pharangobates
MF664214,Erwinia sp.,barley (Hordeum vulgare L. cv. Propino)
MF664210,Erwinia sp.,barley (Hordeum vulgare L. cv. Morex)
MF664208,Erwinia sp.,barley (Hordeum vulgare L. cv. Morex)
KX852419,Erwinia piriflorinigrans,red poppy
MG517413,Erwinia sp.,Nestor notabilis
MG132114,Erwinia sp.,Stipa tenacissima L.
KY938086,Erwinia amylovora,Atelopus elegans
KY938085,Erwinia amylovora,Atelopus elegans
KY446020,Erwinia sp.,Zea mays L.
KY446019,Erwinia sp.,Salix fragilis L.
KY883990,Erwinia sp.,Apis mellifera
KY124177,Erwinia persicina,Pectinatella magnifica
KT375350,Erwinia persicina,bean
KX619449,Erwinia amylovora,apple with fireblight
KU991850,Erwinia aphidicola,pepper
KX279833,Erwinia aphidicola,pepper
KF740580,Erwinia billingiae,Xylosandrus germanus
KF740579,Erwinia billingiae,Xylosandrus germanus
KR106667,Erwinia sp. B304,Dendroctonus valens
KR106666,Erwinia sp. B974,Dendroctonus valens
KR106665,Erwinia sp. B950,Dendroctonus valens
KR106664,Erwinia sp. B923,Dendroctonus valens
KR106663,Erwinia sp. B306,Dendroctonus valens
KR106662,Erwinia sp. B977,Dendroctonus valens
KR106661,Erwinia sp. B944,Dendroctonus valens
KR106660,Erwinia sp. B914,Dendroctonus valens
KR106659,Erwinia sp. B307,Dendroctonus valens
KR812394,Erwinia piriflorinigrans,Peganum harmala
KJ004476,Erwinia billingiae,Pinus tabuliformis
KR054974,Erwinia rhapontici,potato
KR045846,Erwinia sp. AY24,Ammodendron bifolium (Pall.) Yakovl.
KR045832,Erwinia sp. AG40,Ammodendron bifolium (Pall.) Yakovl.
KR045829,Erwinia sp. AG33,Ammodendron bifolium (Pall.) Yakovl.
KR045818,Erwinia sp. AG10,Ammodendron bifolium (Pall.) Yakovl.
KR045817,Erwinia sp. AG9(2015),Ammodendron bifolium (Pall.) Yakovl.
KM187418,Erwinia sp. HP1F,Pseudacris crucifer
KM187300,Erwinia sp. CC6J2,Bufo americanus
KM187249,Erwinia sp. CC4D1,Bufo americanus
KM187246,Erwinia sp. CC4A,Bufo americanus
KM187244,Erwinia sp. CC3P,Bufo americanus
KM187237,Erwinia sp. CC3I,Bufo americanus
KM187236,Erwinia sp. CC3H2,Bufo americanus
KM187209,Erwinia sp. CC1J,Bufo americanus
KM187202,Erwinia sp. CC1B,Bufo americanus
KM187110,Erwinia sp. CC10D,Bufo americanus
KP996667,Erwinia sp. B144,Russian wheat aphid biotype 1
KP996666,Erwinia sp. B143,Russian wheat aphid biotype 1
KP996664,Erwinia sp. B139,Russian wheat aphid biotype 1
KP996663,Erwinia sp. B138,Russian wheat aphid biotype 1
KP996660,Erwinia sp. B112,Russian wheat aphid biotype 2
KC853200,Erwinia sp. W41,Agalychnis callidryas
KJ781888,Erwinia typographi,Dendroctonus valens
KJ781887,Erwinia sp. B312,Dendroctonus valens
KJ781886,Erwinia sp. B209,Dendroctonus valens
KJ781885,Erwinia sp. B306,Dendroctonus valens
KJ781884,Erwinia sp. B304,Dendroctonus valens
KJ781883,Erwinia sp. B44,Dendroctonus valens
KJ781882,Erwinia sp. B15,Dendroctonus valens
KC337198,uncultured Erwinia sp.,Rutilus rutilus (roach)
KM021350,Erwinia sp. SL017B,Atelopus limosus
KM021323,Erwinia sp. SL002O,Atelopus limosus
KM021304,Erwinia sp. CBU054A,Atelopus limosus
KM021303,Erwinia sp. CBU033E,Atelopus limosus
KM021299,Erwinia sp. CBU032J,Atelopus limosus
KM021251,Erwinia sp. 169I,Silverstoneia flotator
KM021229,Erwinia sp. 167A,Silverstoneia flotator
KM021225,Erwinia sp. 166D,Silverstoneia flotator
KM021169,Erwinia sp. 142J,Craugastor crassidigitus
KM021126,Erwinia sp. 136A,Craugastor crassidigitus
KM891552,Erwinia pyrifoliae,Primula secundiflora
KM891551,Erwinia billingiae,Delphinium tenii
KM241864,Erwinia amylovora,Crataegus monogyna
JQ918043,uncultured Erwinia sp.,Bactrocera dorsalis male adults
KF385213,uncultured Erwinia sp.,Stellera chamaejasme L.
KF385212,uncultured Erwinia sp.,Stellera chamaejasme L.
KF385121,uncultured Erwinia sp.,Stellera chamaejasme L.
KF580848,Erwinia piriflorinigrans,Ammopiptanthus
KJ848605,Erwinia billingiae,Bemisia tabaci
JX163953,Erwinia sp. P11-1,Micoletzkya buetschlii
KJ130483,Erwinia persicina,Chelidonium majus L.
KF724025,Erwinia tasmaniensis,Sesbania rostrata
KF358451,Erwinia billingiae,grass carp
AB795351,Erwinia sp. MSeoKT1,Macrosteles sexnotatus
KF500096,Erwinia rhapontici,Isatis tinctoria L. var. tinctoria
KF444805,Erwinia sp. Ia3,Ichthyosaura alpestris
KC139453,Erwinia persicina,carrot
KC139425,Erwinia persicina,carrot
JX997942,Erwinia billingiae,Cryptomeria fortunei
JX522464,Erwinia sp. DLA68,rice; variety DLA64
JQ353778,Erwinia billingiae,Populus euphratica
JQ318909,uncultured Erwinia sp.,Phaius delavayi
HQ220165,Erwinia persicina,Citrus sp.
HQ220164,Erwinia persicina,Citrus sp.
HQ220163,Erwinia persicina,Citrus sp.
HQ219948,Erwinia persicina,Citrus sp.
HQ219947,Erwinia persicina,Citrus sp.
HQ224663,Erwinia sp. SGb420,Taxus globosa
HQ224652,Erwinia billingiae,Taxus globosa
HQ224647,Erwinia billingiae,Taxus globosa
HQ224646,Erwinia billingiae,Taxus globosa
HQ224645,Erwinia billingiae,Taxus globosa
HQ224600,Erwinia billingiae,Taxus globosa
JF494830,Erwinia billingiae,Bursaphelenchus xylophilus from Pinus pinaster
JF494829,Erwinia billingiae,Bursaphelenchus xylophilus from Pinus pinaster
GQ915088,Erwinia sp. AaMG18,Aedes albopictus
GU188915,Erwinia billingiae,Taxus globosa
HQ154585,uncultured Erwinia sp.,Culex quinquefasciatus
HQ154566,Erwinia sp. R8-2A,Culex quinquefasciatus
HQ154553,Erwinia sp. R3-2A,Culex quinquefasciatus
GU979220,Erwinia sp. RA2,rape (Brassica campestris)
GQ183858,Erwinia sp. C-206,Castanea sativa (sweet chestnut)
FJ422389,Erwinia sp. CYEB-17,Cymbidium faberi
FJ422383,Erwinia sp. CYEB-26,Cymbidium faberi
FJ422382,Erwinia sp. CYEB-27,Cymbidium faberi
FJ422381,Erwinia sp. CYEB-5,Cymbidium faberi
AY690721,Erwinia sp. MK14,Phragmites communis
FJ811869,Erwinia sp. MP1-GFJ,Dendroctonus valens
FJ811868,Erwinia sp. MP1AFX-GFJ,Dendroctonus valens
FJ816023,Erwinia sp. GS-1-08,Anopheles gambiae 4a rr
EU855748,Erwinia sp. Tp1,Thaumetopoea pityocampa
EU864511,Erwinia sp. 1602,pea
NZ_LHXI01000011,Erwinia billingiae,Pyrus communis
NZ_SEZT01000334,Candidatus Erwinia dacicola,Bactrocera oleae (Rossi)
MAYS01000562,Candidatus Erwinia dacicola,Bactrocera oleae
NZ_JAPDNC010000038,Erwinia sp. INIA01,Zea mays
NZ_JBDFQS010000015,Erwinia billingiae,Pyrus communis
NZ_JBDFQT010000027,Erwinia sp. Eh17-17,Pyrus communis
NZ_JBDFPM010000031,Erwinia amylovora,Rubus idaeus
NZ_JBANEK010000041,Erwinia aphidicola,Allium cepa
NZ_JBANEI010000056,Erwinia aphidicola,Allium cepa
NZ_RHHM01000039,Erwinia psidii,Psidium guajava
NZ_RQSB01000064,Erwinia psidii,Psidium guajava
NZ_NQKC01000097,Erwinia amylovora,apple
NZ_NQKC01000093,Erwinia amylovora,apple
NZ_NQKC01000054,Erwinia amylovora,apple
NZ_NQKA01000054,Erwinia amylovora,apple
NZ_NQKA01000051,Erwinia amylovora,apple
NZ_NQKA01000022,Erwinia amylovora,apple
NZ_NQKB01000050,Erwinia amylovora,pear
NZ_NQKB01000033,Erwinia amylovora,pear
NZ_NQKB01000015,Erwinia amylovora,pear
NZ_NQJY01000007,Erwinia amylovora,pear
NZ_NQJU01000069,Erwinia amylovora,pear
NZ_NQJU01000009,Erwinia amylovora,pear
NZ_NQJT01000008,Erwinia amylovora,pear
NZ_NQJV01000093,Erwinia amylovora,apple
NZ_NQJV01000083,Erwinia amylovora,apple
NZ_NQJV01000074,Erwinia amylovora,apple
NZ_NQJV01000024,Erwinia amylovora,apple
NZ_NQJV01000005,Erwinia amylovora,apple
NZ_NQJX01000062,Erwinia amylovora,apple
NZ_NQJX01000032,Erwinia amylovora,apple
NZ_NQJX01000010,Erwinia amylovora,apple
RQKG01000029,Erwinia amylovora,Apple tree
MCFB01000023,Erwinia amylovora,hawthorn
RHHM01000039,Erwinia psidii,Psidium guajava
NZ_MTCI01000103,Erwinia sp. OAMSP11,Orius albidipennis
NZ_SEZT01000510,Candidatus Erwinia dacicola,Bactrocera oleae (Rossi)
NZ_SEZT01000501,Candidatus Erwinia dacicola,Bactrocera oleae (Rossi)
NZ_SEZT01000497,Candidatus Erwinia dacicola,Bactrocera oleae (Rossi)
NZ_SEZT01000482,Candidatus Erwinia dacicola,Bactrocera oleae (Rossi)
NZ_SEZT01000453,Candidatus Erwinia dacicola,Bactrocera oleae (Rossi)
NZ_SEZT01000442,Candidatus Erwinia dacicola,Bactrocera oleae (Rossi)
NZ_SEZT01000389,Candidatus Erwinia dacicola,Bactrocera oleae (Rossi)
NZ_SEZT01000269,Candidatus Erwinia dacicola,Bactrocera oleae (Rossi)
NZ_SEZT01000192,Candidatus Erwinia dacicola,Bactrocera oleae (Rossi)
NZ_SEZT01000172,Candidatus Erwinia dacicola,Bactrocera oleae (Rossi)
NZ_SEZT01000147,Candidatus Erwinia dacicola,Bactrocera oleae (Rossi)
NZ_SEZT01000044,Candidatus Erwinia dacicola,Bactrocera oleae (Rossi)
NZ_MNCH01000111,Erwinia sp. OLSSP12,Orius laevigatus
NZ_MNCH01000086,Erwinia sp. OLSSP12,Orius laevigatus
NZ_MNCH01000081,Erwinia sp. OLSSP12,Orius laevigatus
NZ_MOMB01000090,Erwinia sp. OLFS4,Orius laevigatus
NZ_MOMB01000043,Erwinia sp. OLFS4,Orius laevigatus
NZ_MOMA01000120,Erwinia sp. OLTSP20,Orius laevigatus
NZ_MOMA01000103,Erwinia sp. OLTSP20,Orius laevigatus
NZ_MNKY01000094,Erwinia sp. OLMDSP33,Orius laevigatus
NZ_MNKY01000084,Erwinia sp. OLMDSP33,Orius laevigatus
NZ_MNKW01000086,Erwinia sp. OLCASP19,Orius laevigatus
NZ_MNKW01000078,Erwinia sp. OLCASP19,Orius laevigatus
NZ_MNKX01000117,Erwinia sp. OLMTSP26,Orius laevigatus
MOMB01000043,Erwinia sp. OLFS4,Orius laevigatus
MOMB01000090,Erwinia sp. OLFS4,Orius laevigatus
MOMA01000103,Erwinia sp. OLTSP20,Orius laevigatus
MOMA01000120,Erwinia sp. OLTSP20,Orius laevigatus
MNKY01000084,Erwinia sp. OLMDSP33,Orius laevigatus
MNKY01000094,Erwinia sp. OLMDSP33,Orius laevigatus
MNKW01000078,Erwinia sp. OLCASP19,Orius laevigatus
MNKX01000117,Erwinia sp. OLMTSP26,Orius laevigatus
MNKW01000086,Erwinia sp. OLCASP19,Orius laevigatus
MNCH01000081,Erwinia sp. OLSSP12,Orius laevigatus
MNCH01000086,Erwinia sp. OLSSP12,Orius laevigatus
MNCH01000111,Erwinia sp. OLSSP12,Orius laevigatus
MTCI01000103,Erwinia sp. OAMSP11,Orius albidipennis
NZ_JBCHVC010000015,Erwinia sp. P7711,Spheniscus magellanicus
NZ_JAAEWG010000104,Erwinia amylovora,Rubus idaeus
NZ_JAAEWG010000058,Erwinia amylovora,Rubus idaeus
NZ_JAAEWG010000050,Erwinia amylovora,Rubus idaeus
NZ_JAAEUY010000103,Erwinia amylovora,Rubus idaeus
NZ_JAAEUY010000058,Erwinia amylovora,Rubus idaeus
NZ_JAAEUY010000043,Erwinia amylovora,Rubus idaeus
NZ_JAAEUY010000032,Erwinia amylovora,Rubus idaeus
NZ_JAAEVM010000194,Erwinia amylovora,Rubus idaeus
NZ_JAAEVM010000180,Erwinia amylovora,Rubus idaeus
NZ_JAAEVM010000177,Erwinia amylovora,Rubus idaeus
NZ_JAAEVM010000136,Erwinia amylovora,Rubus idaeus
NZ_JAAEVM010000049,Erwinia amylovora,Rubus idaeus
NZ_JAAEVM010000018,Erwinia amylovora,Rubus idaeus
NZ_JAAEVG010000115,Erwinia amylovora,Rubus idaeus
NZ_JAAEVG010000103,Erwinia amylovora,Rubus idaeus
NZ_JAAEVG010000097,Erwinia amylovora,Rubus idaeus
NZ_JAAEVG010000095,Erwinia amylovora,Rubus idaeus
NZ_JAAEUQ010000064,Erwinia amylovora,Rubus idaeus
NZ_JAAEWE010000064,Erwinia amylovora,Rubus idaeus
NZ_JAAEWE010000063,Erwinia amylovora,Rubus idaeus
NZ_JAAEVV010000039,Erwinia amylovora,Rubus idaeus
NZ_JAAEWF010000074,Erwinia amylovora,Rubus idaeus
NZ_JAAEWF010000066,Erwinia amylovora,Rubus idaeus
NZ_JAAEWF010000046,Erwinia amylovora,Rubus idaeus
NZ_JAAEVT010000148,Erwinia amylovora,Rubus idaeus
NZ_JAAEVT010000118,Erwinia amylovora,Rubus idaeus
NZ_JAAEVT010000108,Erwinia amylovora,Rubus idaeus
NZ_JAAEVT010000094,Erwinia amylovora,Rubus idaeus
NZ_JAAEVT010000050,Erwinia amylovora,Rubus idaeus
NZ_JAAEVS010000044,Erwinia amylovora,Rubus idaeus
NZ_JAAEVQ010000112,Erwinia amylovora,Rubus idaeus
NZ_JAAEVQ010000104,Erwinia amylovora,Rubus idaeus
NZ_JAAEVQ010000097,Erwinia amylovora,Rubus idaeus
NZ_JAAEVQ010000093,Erwinia amylovora,Rubus idaeus
NZ_JAAEVU010000153,Erwinia amylovora,Rubus idaeus
NZ_JAAEVU010000103,Erwinia amylovora,Rubus idaeus
NZ_JAAEVU010000061,Erwinia amylovora,Rubus idaeus
NZ_JAAEVB010000118,Erwinia amylovora,Rubus idaeus
NZ_JAAEVB010000075,Erwinia amylovora,Rubus idaeus
NZ_JAAEVB010000071,Erwinia amylovora,Rubus idaeus
NZ_JAAEVB010000062,Erwinia amylovora,Rubus idaeus
NZ_JAAEXD010000055,Erwinia amylovora,Malus domestica
NZ_JAAEXD010000046,Erwinia amylovora,Malus domestica
NZ_JAAEXD010000043,Erwinia amylovora,Malus domestica
NZ_JAAEXD010000020,Erwinia amylovora,Malus domestica
NZ_JAAEVX010000036,Erwinia amylovora,Pyrus communis
NZ_JAAEVR010000067,Erwinia amylovora,Malus domestica
NZ_JAAEVR010000044,Erwinia amylovora,Malus domestica
NZ_JAAEVR010000039,Erwinia amylovora,Malus domestica
NZ_JAAEVD010000059,Erwinia amylovora,Malus domestica
NZ_JAAEVD010000055,Erwinia amylovora,Malus domestica
NZ_JAAEVD010000049,Erwinia amylovora,Malus domestica
NZ_JAAEVD010000038,Erwinia amylovora,Malus domestica
NZ_JAAEUU010000070,Erwinia amylovora,Malus domestica
NZ_JAAEUP010000062,Erwinia amylovora,Malus domestica
NZ_JAAEUP010000061,Erwinia amylovora,Malus domestica
NZ_JAAEUP010000057,Erwinia amylovora,Malus domestica
NZ_JAAEUP010000035,Erwinia amylovora,Malus domestica
NZ_JAAEVP010000058,Erwinia amylovora,Malus domestica
NZ_JAAEVP010000030,Erwinia amylovora,Malus domestica
NZ_JAAEVJ010000079,Erwinia amylovora,Malus domestica
NZ_JAAEVJ010000053,Erwinia amylovora,Malus domestica
NZ_JAAEVJ010000052,Erwinia amylovora,Malus domestica
NZ_JAAEVJ010000038,Erwinia amylovora,Malus domestica
NZ_JAAEUX010000052,Erwinia amylovora,Malus domestica
NZ_JAAEUX010000030,Erwinia amylovora,Malus domestica
NZ_JAAEVH010000078,Erwinia amylovora,Pyrus communis
NZ_JAAEVH010000062,Erwinia amylovora,Pyrus communis
NZ_JAAEVH010000054,Erwinia amylovora,Pyrus communis
NZ_JAAEVK010000080,Erwinia amylovora,Malus domestica
NZ_JAAEVK010000047,Erwinia amylovora,Malus domestica
NZ_JAAEVK010000039,Erwinia amylovora,Malus domestica
NZ_JAAEUN010000032,Erwinia amylovora,Pyrus communis
NZ_JAAEXY010000058,Erwinia amylovora,Malus domestica
NZ_JAAEXY010000056,Erwinia amylovora,Malus domestica
NZ_JAAEXY010000050,Erwinia amylovora,Malus domestica
NZ_JAAEWI010000088,Erwinia amylovora,Pyrus communis
NZ_JAAEWI010000081,Erwinia amylovora,Pyrus communis
NZ_JAAEVN010000063,Erwinia amylovora,Pyracantha sp.
NZ_JAAEVN010000031,Erwinia amylovora,Pyracantha sp.
NZ_JAAEVI010000073,Erwinia amylovora,Pyrus communis
NZ_JAAEVI010000033,Erwinia amylovora,Pyrus communis
NZ_JAAEVI010000001,Erwinia amylovora,Pyrus communis
NZ_JAAEVC010000080,Erwinia amylovora,Crataegus monogyna
NZ_JAAEVC010000054,Erwinia amylovora,Crataegus monogyna
NZ_JAAEXC010000100,Erwinia amylovora,Malus domestica
NZ_JAAEXC010000091,Erwinia amylovora,Malus domestica
NZ_JAAEXC010000088,Erwinia amylovora,Malus domestica
NZ_JAAEXC010000078,Erwinia amylovora,Malus domestica
NZ_JAAEXC010000076,Erwinia amylovora,Malus domestica
NZ_JAAEWX010000087,Erwinia amylovora,Malus domestica
NZ_JAAEWX010000081,Erwinia amylovora,Malus domestica
NZ_JAAEWX010000063,Erwinia amylovora,Malus domestica
NZ_JAAEWJ010000064,Erwinia amylovora,Malus domestica
NZ_JAAEWJ010000044,Erwinia amylovora,Malus domestica
NZ_JAAEVW010000061,Erwinia amylovora,Malus domestica
NZ_JAAEUT010000072,Erwinia amylovora,Malus domestica
NZ_JAAEUT010000071,Erwinia amylovora,Malus domestica
NZ_JAAEUT010000045,Erwinia amylovora,Malus domestica
NZ_JAAEXX010000060,Erwinia amylovora,Malus domestica
NZ_JAAEXX010000055,Erwinia amylovora,Malus domestica
NZ_JAAEXX010000048,Erwinia amylovora,Malus domestica
NZ_JAAEXX010000044,Erwinia amylovora,Malus domestica
NZ_JAAEXX010000038,Erwinia amylovora,Malus domestica
NZ_JAAEXW010000051,Erwinia amylovora,Malus domestica
NZ_JAAEXS010000090,Erwinia amylovora,Pyrus communis
NZ_JAAEXS010000087,Erwinia amylovora,Pyrus communis
NZ_JAAEXS010000060,Erwinia amylovora,Pyrus communis
NZ_JAAEXL010000062,Erwinia amylovora,Malus domestica
NZ_JAAEXL010000059,Erwinia amylovora,Malus domestica
NZ_JAAEXL010000058,Erwinia amylovora,Malus domestica
NZ_JAAEXL010000046,Erwinia amylovora,Malus domestica
NZ_JAAEXG010000047,Erwinia amylovora,Malus domestica
NZ_JAAEXB010000075,Erwinia amylovora,Malus domestica
NZ_JAAEXB010000069,Erwinia amylovora,Malus domestica
NZ_JAAEXB010000054,Erwinia amylovora,Malus domestica
NZ_JAAEXB010000050,Erwinia amylovora,Malus domestica
NZ_JAAEXB010000036,Erwinia amylovora,Malus domestica
NZ_JAAEXB010000016,Erwinia amylovora,Malus domestica
NZ_JAAEWY010000137,Erwinia amylovora,Pyrus communis
NZ_JAAEWY010000134,Erwinia amylovora,Pyrus communis
NZ_JAAEWY010000112,Erwinia amylovora,Pyrus communis
NZ_JAAEWY010000108,Erwinia amylovora,Pyrus communis
NZ_JAAEWY010000101,Erwinia amylovora,Pyrus communis
NZ_JAAEWY010000093,Erwinia amylovora,Pyrus communis
NZ_JAAEWT010000069,Erwinia amylovora,Malus domestica
NZ_JAAEWT010000064,Erwinia amylovora,Malus domestica
NZ_JAAEWT010000051,Erwinia amylovora,Malus domestica
NZ_JAAEVO010000077,Erwinia amylovora,Pyrus communis
NZ_JAAEVO010000039,Erwinia amylovora,Pyrus communis
NZ_JAAEVF010000099,Erwinia amylovora,Malus domestica
NZ_JAAEVF010000031,Erwinia amylovora,Malus domestica
NZ_JAAEWU010000078,Erwinia amylovora,Pyrus communis
NZ_JAAEVA010000067,Erwinia amylovora,Malus domestica
NZ_JAAEWU010000068,Erwinia amylovora,Pyrus communis
NZ_JAAEVA010000046,Erwinia amylovora,Malus domestica
NZ_JAAEVA010000044,Erwinia amylovora,Malus domestica
NZ_JAAEVY010000080,Erwinia amylovora,Pyrus communis
NZ_JAAEVY010000072,Erwinia amylovora,Pyrus communis
NZ_JAAEVY010000064,Erwinia amylovora,Pyrus communis
NZ_JAAEXV010000078,Erwinia amylovora,Pyrus communis
NZ_JAAEXV010000077,Erwinia amylovora,Pyrus communis
NZ_JAAEXV010000050,Erwinia amylovora,Pyrus communis
NZ_JAAEXV010000027,Erwinia amylovora,Pyrus communis
NZ_JAAEXJ010000079,Erwinia amylovora,Pyrus communis
NZ_JAAEXJ010000072,Erwinia amylovora,Pyrus communis
NZ_JAAEXJ010000061,Erwinia amylovora,Pyrus communis
NZ_JAAEXJ010000058,Erwinia amylovora,Pyrus communis
NZ_JAAEXJ010000044,Erwinia amylovora,Pyrus communis
NZ_JAAEXI010000076,Erwinia amylovora,Malus domestica
NZ_JAAEXI010000074,Erwinia amylovora,Malus domestica
NZ_JAAEXI010000070,Erwinia amylovora,Malus domestica
NZ_JAAEXI010000062,Erwinia amylovora,Malus domestica
NZ_JAAEXI010000050,Erwinia amylovora,Malus domestica
NZ_JAAEXE010000070,Erwinia amylovora,Pyrus communis
NZ_JAAEXE010000055,Erwinia amylovora,Pyrus communis
NZ_JAAEXE010000037,Erwinia amylovora,Pyrus communis
NZ_JAAEWK010000180,Erwinia amylovora,Pyrus communis
NZ_JAAEWK010000128,Erwinia amylovora,Pyrus communis
NZ_JAAEWK010000087,Erwinia amylovora,Pyrus communis
NZ_JAAEUV010000286,Erwinia amylovora,Malus domestica
NZ_JAAEUV010000263,Erwinia amylovora,Malus domestica
NZ_JAAEUV010000129,Erwinia amylovora,Malus domestica
NZ_JAAEUV010000098,Erwinia amylovora,Malus domestica
NZ_JAAEUK010000075,Erwinia amylovora,Malus domestica
NZ_JAAEUM010000070,Erwinia amylovora,Pyrus communis
NZ_JAAEUM010000059,Erwinia amylovora,Pyrus communis
NZ_JAAEUM010000056,Erwinia amylovora,Pyrus communis
NZ_JAAEUM010000052,Erwinia amylovora,Pyrus communis
NZ_JAAEUM010000051,Erwinia amylovora,Pyrus communis
NZ_JAAEUM010000049,Erwinia amylovora,Pyrus communis
NZ_JAAEUM010000038,Erwinia amylovora,Pyrus communis
NZ_JAAEXQ010000076,Erwinia amylovora,Malus domestica
NZ_JAAEXQ010000063,Erwinia amylovora,Malus domestica
NZ_JAAEXQ010000057,Erwinia amylovora,Malus domestica
NZ_JAAEXQ010000054,Erwinia amylovora,Malus domestica
NZ_JAAEXQ010000053,Erwinia amylovora,Malus domestica
NZ_JAAEXQ010000046,Erwinia amylovora,Malus domestica
NZ_JAAEXQ010000035,Erwinia amylovora,Malus domestica
NZ_JAAEXM010000060,Erwinia amylovora,Malus domestica
NZ_JAAEXK010000075,Erwinia amylovora,Malus domestica
NZ_JAAEXK010000064,Erwinia amylovora,Malus domestica
NZ_JAAEXK010000058,Erwinia amylovora,Malus domestica
NZ_JAAEXK010000053,Erwinia amylovora,Malus domestica
NZ_JAAEXH010000068,Erwinia amylovora,Pyrus communis
NZ_JAAEXH010000066,Erwinia amylovora,Pyrus communis
NZ_JAAEXH010000065,Erwinia amylovora,Pyrus communis
NZ_JAAEXH010000058,Erwinia amylovora,Pyrus communis
NZ_JAAEXH010000046,Erwinia amylovora,Pyrus communis
NZ_JAAEXH010000038,Erwinia amylovora,Pyrus communis
NZ_JAAEWN010000075,Erwinia amylovora,Malus domestica
NZ_JAAEWN010000066,Erwinia amylovora,Malus domestica
NZ_JAAEWN010000012,Erwinia amylovora,Malus domestica
NZ_JAAEWC010000061,Erwinia amylovora,Malus domestica
NZ_JAAEWC010000054,Erwinia amylovora,Malus domestica
NZ_JAAEVZ010000075,Erwinia amylovora,Pyrus communis
NZ_JAAEVZ010000074,Erwinia amylovora,Pyrus communis
NZ_JAAEVZ010000067,Erwinia amylovora,Pyrus communis
NZ_JAAEVZ010000066,Erwinia amylovora,Pyrus communis
NZ_JAAEUL010000067,Erwinia amylovora,Malus domestica
NZ_JAAEXP010000107,Erwinia amylovora,Malus domestica
NZ_JAAEXP010000074,Erwinia amylovora,Malus domestica
NZ_JAAEXP010000068,Erwinia amylovora,Malus domestica
NZ_JAAEXP010000044,Erwinia amylovora,Malus domestica
NZ_JAAEWO010000083,Erwinia amylovora,Pyrus betulifolia
NZ_JAAEWO010000073,Erwinia amylovora,Pyrus betulifolia
NZ_JAAEWO010000069,Erwinia amylovora,Pyrus betulifolia
NZ_JAAEWO010000062,Erwinia amylovora,Pyrus betulifolia
NZ_JAAEWO010000054,Erwinia amylovora,Pyrus betulifolia
NZ_JAAEWM010000148,Erwinia amylovora,Malus domestica
NZ_JAAEWM010000128,Erwinia amylovora,Malus domestica
NZ_JAAEWM010000112,Erwinia amylovora,Malus domestica
NZ_JAAEWM010000100,Erwinia amylovora,Malus domestica
NZ_JAAEWM010000075,Erwinia amylovora,Malus domestica
NZ_JAAEWB010000082,Erwinia amylovora,Pyrus communis
NZ_JAAEWB010000066,Erwinia amylovora,Pyrus communis
NZ_JAAEWB010000065,Erwinia amylovora,Pyrus communis
NZ_JAAEWB010000047,Erwinia amylovora,Pyrus communis
NZ_JAAEWV010000075,Erwinia amylovora,Malus domestica
NZ_JAAEWV010000070,Erwinia amylovora,Malus domestica
NZ_JAAEWV010000044,Erwinia amylovora,Malus domestica
NZ_JAAEWP010000056,Erwinia amylovora,Malus sp.
NZ_JAAEWP010000016,Erwinia amylovora,Malus sp.
NZ_JAAEUR010000082,Erwinia amylovora,Malus domestica
NZ_JAAEUR010000077,Erwinia amylovora,Malus domestica
NZ_JAAEUR010000074,Erwinia amylovora,Malus domestica
NZ_JAAEUR010000038,Erwinia amylovora,Malus domestica
NZ_JAAEXU010000075,Erwinia amylovora,Malus domestica
NZ_JAAEXU010000070,Erwinia amylovora,Malus domestica
NZ_JAAEXU010000069,Erwinia amylovora,Malus domestica
NZ_JAAEXU010000062,Erwinia amylovora,Malus domestica
NZ_JAAEXU010000054,Erwinia amylovora,Malus domestica
NZ_JAAEXA010000093,Erwinia amylovora,Malus domestica
NZ_JAAEXA010000082,Erwinia amylovora,Malus domestica
NZ_JAAEXA010000054,Erwinia amylovora,Malus domestica
NZ_JAAEXA010000045,Erwinia amylovora,Malus domestica
NZ_JAAEWL010000081,Erwinia amylovora,Pyrus communis
NZ_JAAEWL010000072,Erwinia amylovora,Pyrus communis
NZ_JAAEWL010000049,Erwinia amylovora,Pyrus communis
NZ_JAAEWD010000082,Erwinia amylovora,Pyrus communis
NZ_JAAEWD010000072,Erwinia amylovora,Pyrus communis
NZ_JAAEWD010000071,Erwinia amylovora,Pyrus communis
NZ_JAAEWD010000063,Erwinia amylovora,Pyrus communis
NZ_JAAEWD010000058,Erwinia amylovora,Pyrus communis
NZ_JAAEUS010000084,Erwinia amylovora,Pyrus communis
NZ_JAAEUS010000061,Erwinia amylovora,Pyrus communis
NZ_JAAEUS010000056,Erwinia amylovora,Pyrus communis
NZ_JAAEUS010000011,Erwinia amylovora,Pyrus communis
NZ_JAAEUS010000010,Erwinia amylovora,Pyrus communis
NZ_JAAEWR010000063,Erwinia amylovora,Malus domestica
NZ_JAAEWR010000053,Erwinia amylovora,Malus domestica
NZ_JAAEWR010000029,Erwinia amylovora,Malus domestica
NZ_JAAEUO010000084,Erwinia amylovora,Rhaphiolepis indica
NZ_JAAEUO010000076,Erwinia amylovora,Rhaphiolepis indica
NZ_JAAEUO010000065,Erwinia amylovora,Rhaphiolepis indica
NZ_JAAEUO010000059,Erwinia amylovora,Rhaphiolepis indica
NZ_JAAEXN010000068,Erwinia amylovora,Malus domestica
NZ_JAAEXN010000062,Erwinia amylovora,Malus domestica
NZ_JAAEXN010000060,Erwinia amylovora,Malus domestica
NZ_JAAEXN010000057,Erwinia amylovora,Malus domestica
NZ_JAAEXN010000054,Erwinia amylovora,Malus domestica
NZ_JAAEWZ010000085,Erwinia amylovora,Malus domestica
NZ_JAAEWZ010000075,Erwinia amylovora,Malus domestica
NZ_JAAEWZ010000066,Erwinia amylovora,Malus domestica
NZ_JAAEWZ010000051,Erwinia amylovora,Malus domestica
NZ_JAAEWW010000063,Erwinia amylovora,Pyrus communis
NZ_JAAEWW010000055,Erwinia amylovora,Pyrus communis
NZ_JAAEWH010000115,Erwinia amylovora,Pyrus communis
NZ_JAAEWH010000110,Erwinia amylovora,Pyrus communis
NZ_JAAEWH010000105,Erwinia amylovora,Pyrus communis
NZ_JAAEWA010000082,Erwinia amylovora,Malus domestica
NZ_JAAEWA010000064,Erwinia amylovora,Malus domestica
NZ_JAAEWA010000058,Erwinia amylovora,Malus domestica
NZ_JAAEWA010000056,Erwinia amylovora,Malus domestica
NZ_JAAEWA010000045,Erwinia amylovora,Malus domestica
NZ_JAAEWS010000081,Erwinia amylovora,Malus domestica
NZ_JAAEWS010000067,Erwinia amylovora,Malus domestica
NZ_JAAEWS010000064,Erwinia amylovora,Malus domestica
NZ_JAAEWS010000047,Erwinia amylovora,Malus domestica
NZ_JAAEWS010000041,Erwinia amylovora,Malus domestica
NZ_JAAEXT010000072,Erwinia amylovora,Malus domestica
NZ_JAAEXT010000064,Erwinia amylovora,Malus domestica
NZ_JAAEXT010000058,Erwinia amylovora,Malus domestica
NZ_JAAEXT010000045,Erwinia amylovora,Malus domestica
NZ_JAAEXT010000037,Erwinia amylovora,Malus domestica
NZ_JAAEXR010000067,Erwinia amylovora,Malus domestica
NZ_JAAEXR010000057,Erwinia amylovora,Malus domestica
NZ_JAAEXR010000049,Erwinia amylovora,Malus domestica
NZ_JAAEXR010000044,Erwinia amylovora,Malus domestica
NZ_JAAEXR010000041,Erwinia amylovora,Malus domestica
NZ_JAAEXF010000041,Erwinia amylovora,Malus domestica
NZ_VFIF01000049,Erwinia mallotivora,papaya
NZ_VFIF01000048,Erwinia mallotivora,papaya
NZ_VFIF01000047,Erwinia mallotivora,papaya
NZ_VFIF01000046,Erwinia mallotivora,papaya
NZ_VFIH01000029,Erwinia mallotivora,papaya
NZ_VFIH01000028,Erwinia mallotivora,papaya
NZ_VFIK01000033,Erwinia mallotivora,papaya
NZ_VFIK01000032,Erwinia mallotivora,papaya
NZ_LJAM02000537,Candidatus Erwinia dacicola,Bactrocera oleae
NZ_LJAM02000536,Candidatus Erwinia dacicola,Bactrocera oleae
NZ_LJAM02000535,Candidatus Erwinia dacicola,Bactrocera oleae
NZ_LJAM02000534,Candidatus Erwinia dacicola,Bactrocera oleae
NZ_LJAM02000532,Candidatus Erwinia dacicola,Bactrocera oleae
NZ_LJAM02000531,Candidatus Erwinia dacicola,Bactrocera oleae
NZ_LJAM02000530,Candidatus Erwinia dacicola,Bactrocera oleae
NZ_LJAM02000528,Candidatus Erwinia dacicola,Bactrocera oleae
NZ_LJAM02000527,Candidatus Erwinia dacicola,Bactrocera oleae
NZ_LJAM02000526,Candidatus Erwinia dacicola,Bactrocera oleae
NZ_LJAM02000525,Candidatus Erwinia dacicola,Bactrocera oleae
NZ_LJAM02000524,Candidatus Erwinia dacicola,Bactrocera oleae
NZ_LJAM02000523,Candidatus Erwinia dacicola,Bactrocera oleae
NZ_LJAM02000522,Candidatus Erwinia dacicola,Bactrocera oleae
NZ_LJAM02000521,Candidatus Erwinia dacicola,Bactrocera oleae
NZ_LJAM02000520,Candidatus Erwinia dacicola,Bactrocera oleae
NZ_LJAM02000519,Candidatus Erwinia dacicola,Bactrocera oleae
NZ_LJAM02000518,Candidatus Erwinia dacicola,Bactrocera oleae
NZ_LJAM02000516,Candidatus Erwinia dacicola,Bactrocera oleae
NZ_LJAM02000515,Candidatus Erwinia dacicola,Bactrocera oleae
NZ_LJAM02000514,Candidatus Erwinia dacicola,Bactrocera oleae
NZ_LJAM02000513,Candidatus Erwinia dacicola,Bactrocera oleae
NZ_LJAM02000512,Candidatus Erwinia dacicola,Bactrocera oleae
NZ_LJAM02000511,Candidatus Erwinia dacicola,Bactrocera oleae
NZ_LJAM02000509,Candidatus Erwinia dacicola,Bactrocera oleae
NZ_LJAM02000508,Candidatus Erwinia dacicola,Bactrocera oleae
NZ_LJAM02000507,Candidatus Erwinia dacicola,Bactrocera oleae
NZ_LJAM02000506,Candidatus Erwinia dacicola,Bactrocera oleae
NZ_LJAM02000505,Candidatus Erwinia dacicola,Bactrocera oleae
NZ_LJAM02000504,Candidatus Erwinia dacicola,Bactrocera oleae
NZ_LJAM02000503,Candidatus Erwinia dacicola,Bactrocera oleae
NZ_LJAM02000501,Candidatus Erwinia dacicola,Bactrocera oleae
NZ_LJAM02000499,Candidatus Erwinia dacicola,Bactrocera oleae
NZ_LJAM02000498,Candidatus Erwinia dacicola,Bactrocera oleae
NZ_LJAM02000497,Candidatus Erwinia dacicola,Bactrocera oleae
NZ_LJAM02000496,Candidatus Erwinia dacicola,Bactrocera oleae
NZ_LJAM02000495,Candidatus Erwinia dacicola,Bactrocera oleae
NZ_JAJTLQ010000019,Erwinia amylovora,Crataegus sp.
NZ_JBANEJ010000063,Erwinia aphidicola,Allium cepa
NZ_JAAEXO010000086,Erwinia amylovora,Malus domestica
NZ_JAAEXO010000076,Erwinia amylovora,Malus domestica
NZ_JAAEXO010000073,Erwinia amylovora,Malus domestica
NZ_JAAEXO010000064,Erwinia amylovora,Malus domestica
NZ_JAAEXO010000046,Erwinia amylovora,Malus domestica
NZ_JAAEXO010000042,Erwinia amylovora,Malus domestica
NZ_RQSA01000032,Erwinia psidii,Eucalyptus sp.
NZ_RQSA01000031,Erwinia psidii,Eucalyptus sp.
NZ_JAMWBL010000027,Erwinia amylovora,Pyrus sp.
NZ_JAMWBL010000025,Erwinia amylovora,Pyrus sp.
NZ_JAJTMQ010000023,Erwinia amylovora,Malus domestica
NZ_JAJTMT010000020,Erwinia amylovora,Malus domestica
NZ_JAJTLY010000020,Erwinia amylovora,Malus domestica
NZ_JAJTJR010000022,Erwinia amylovora,Malus domestica
NZ_JAJTLH010000021,Erwinia amylovora,Malus domestica
NZ_JAJTLM010000021,Erwinia amylovora,Malus domestica
NZ_JAJTMS010000021,Erwinia amylovora,Malus domestica
NZ_JAJTMO010000023,Erwinia amylovora,Malus domestica
NZ_JAJTLS010000019,Erwinia amylovora,Malus domestica
NZ_JAJTML010000021,Erwinia amylovora,Pyrus communis
NZ_JAJTLU010000020,Erwinia amylovora,Malus domestica
NZ_JAJTLL010000021,Erwinia amylovora,Pyrus communis
NZ_JAJTMF010000019,Erwinia amylovora,Malus domestica
NZ_JAJTLZ010000017,Erwinia amylovora,Malus domestica
NZ_JAJTLN010000022,Erwinia amylovora,Pyrus communis
NZ_JAJTLP010000024,Erwinia amylovora,Malus domestica
NZ_JAJTLJ010000022,Erwinia amylovora,Pyrus communis
NZ_JAJTKP010000020,Erwinia amylovora,Malus domestica
NZ_JAJTKJ010000021,Erwinia amylovora,Pyrus communis
NZ_JAJTKX010000022,Erwinia amylovora,Malus domestica
NZ_JAJTJX010000019,Erwinia amylovora,Malus domestica
NZ_JAJTLG010000022,Erwinia amylovora,Malus domestica
NZ_JAJTKS010000022,Erwinia amylovora,Pyrus communis
NZ_JAJTKG010000020,Erwinia amylovora,Malus domestica
NZ_JAJTKF010000020,Erwinia amylovora,Malus domestica
NZ_JAJTLI010000023,Erwinia amylovora,Malus domestica
NZ_JAJTKZ010000020,Erwinia amylovora,Malus domestica
NZ_JAJTKN010000023,Erwinia amylovora,Pyrus communis
NZ_JAJTKD010000021,Erwinia amylovora,Malus domestica
NZ_JAJTKV010000022,Erwinia amylovora,Pyrus communis
NZ_JAJTJZ010000022,Erwinia amylovora,Crataegus sp.
NZ_JAJTLD010000023,Erwinia amylovora,Pyrus communis
NZ_JAJTKR010000023,Erwinia amylovora,Crataegus sp.
NZ_JAJTJU010000023,Erwinia amylovora,Ribes sp.
NZ_JAJTKL010000022,Erwinia amylovora,Pyrus communis
NZ_JAJTKK010000020,Erwinia amylovora,Malus domestica
NZ_JAJTJW010000019,Erwinia amylovora,Malus domestica
NZ_JAJTLC010000023,Erwinia amylovora,Malus domestica
NZ_JAJTKO010000024,Erwinia amylovora,Malus domestica
NZ_JAJTLF010000021,Erwinia amylovora,Malus domestica
NZ_JAJTKQ010000025,Erwinia amylovora,Malus domestica
NZ_JAIMFY010000050,Erwinia amylovora,apple
NZ_JAIMFY010000049,Erwinia amylovora,apple
NZ_JAIMFX010000047,Erwinia amylovora,apple
NZ_JAIMFX010000046,Erwinia amylovora,apple
NZ_JAIMFX010000045,Erwinia amylovora,apple
NZ_JAIMFW010000042,Erwinia amylovora,apple
NZ_JAIMFW010000041,Erwinia amylovora,apple
NZ_JAIMFW010000040,Erwinia amylovora,apple
NZ_JAIMFW010000039,Erwinia amylovora,apple
NZ_JAIMFV010000044,Erwinia amylovora,apple
NZ_JAJTKH010000020,Erwinia amylovora,Eriobotrya japonica
NZ_JAJTKC010000023,Erwinia amylovora,Sorbus sp.
NZ_VFII01000034,Erwinia mallotivora,papaya
NZ_VFII01000033,Erwinia mallotivora,papaya
NZ_VFII01000031,Erwinia mallotivora,papaya
NZ_NQJR01000047,Erwinia amylovora,apple
NZ_NQJQ01000066,Erwinia amylovora,apple
NZ_JAJTLR010000021,Erwinia amylovora,Malus domestica
NZ_JAJTLT010000021,Erwinia amylovora,Malus domestica
NZ_JAJTKM010000021,Erwinia amylovora,Cotoneaster sp.
NZ_JAJTMP010000022,Erwinia amylovora,Malus domestica
NZ_JAJTLB010000021,Erwinia amylovora,Malus domestica
NZ_JAJTMW010000018,Erwinia amylovora,Malus domestica
NZ_JAJTMU010000022,Erwinia amylovora,Malus domestica
NZ_JAJTLO010000019,Erwinia amylovora,Pyrus communis
NZ_JAJTKE010000021,Erwinia amylovora,Malus domestica
NZ_JAJTMR010000021,Erwinia amylovora,Malus domestica
NZ_JAJTKA010000022,Erwinia amylovora,Malus domestica
NZ_VFIG01000033,Erwinia mallotivora,papaya
NZ_VFIG01000032,Erwinia mallotivora,papaya
NZ_VFIJ01000031,Erwinia mallotivora,papaya
NZ_VFIJ01000030,Erwinia mallotivora,papaya
NZ_JAAEWQ010000074,Erwinia amylovora,Crataegus mollis
NZ_JAAEWQ010000047,Erwinia amylovora,Crataegus mollis
NZ_JAAEVE010000084,Erwinia amylovora,Malus domestica
NZ_JAAEVE010000076,Erwinia amylovora,Malus domestica
NZ_JAAEVE010000033,Erwinia amylovora,Malus domestica
NZ_JAAEUW010000058,Erwinia amylovora,Malus domestica
NZ_JAAEUW010000055,Erwinia amylovora,Malus domestica
NZ_JAAEUW010000042,Erwinia amylovora,Malus domestica
AF290417,Pantoea agglomerans,apple tree
NZ_JBBGYT010000405,Erwinia sp. MYb416,Caenorhabditis elegans
NZ_JBBGYT010000335,Erwinia sp. MYb416,Caenorhabditis elegans
NZ_JBBGYT010000330,Erwinia sp. MYb416,Caenorhabditis elegans
NZ_JBBGYT010000317,Erwinia sp. MYb416,Caenorhabditis elegans
NZ_JBBGYT010000311,Erwinia sp. MYb416,Caenorhabditis elegans
NZ_JBBGYT010000305,Erwinia sp. MYb416,Caenorhabditis elegans
NZ_JBBGYT010000289,Erwinia sp. MYb416,Caenorhabditis elegans
NZ_JBBGYT010000231,Erwinia sp. MYb416,Caenorhabditis elegans
NZ_JBBGYT010000221,Erwinia sp. MYb416,Caenorhabditis elegans
NZ_JBBGYT010000189,Erwinia sp. MYb416,Caenorhabditis elegans
NZ_JBBGYT010000128,Erwinia sp. MYb416,Caenorhabditis elegans
NZ_JBBGYT010000123,Erwinia sp. MYb416,Caenorhabditis elegans
NZ_JBBGYT010000122,Erwinia sp. MYb416,Caenorhabditis elegans
NZ_JBBGYT010000121,Erwinia sp. MYb416,Caenorhabditis elegans
NZ_JBBGYT010000101,Erwinia sp. MYb416,Caenorhabditis elegans
NZ_JBBGYT010000098,Erwinia sp. MYb416,Caenorhabditis elegans
NZ_JBBGYT010000046,Erwinia sp. MYb416,Caenorhabditis elegans
NZ_JBBGYT010000036,Erwinia sp. MYb416,Caenorhabditis elegans
NZ_JBBGYT010000026,Erwinia sp. MYb416,Caenorhabditis elegans
NZ_JBBGYT010000017,Erwinia sp. MYb416,Caenorhabditis elegans
NZ_JBBGYT010000010,Erwinia sp. MYb416,Caenorhabditis elegans
NZ_JBBGYT010000004,Erwinia sp. MYb416,Caenorhabditis elegans
NZ_JBBGZI010000026,Erwinia billingiae,Caenorhabditis elegans
NZ_RQKG01000028,Erwinia amylovora,Apple tree
NZ_MAYS01000602,Candidatus Erwinia dacicola,Bactrocera oleae
NZ_MAYS01000593,Candidatus Erwinia dacicola,Bactrocera oleae
NZ_MAYS01000591,Candidatus Erwinia dacicola,Bactrocera oleae
NZ_MAYS01000590,Candidatus Erwinia dacicola,Bactrocera oleae
NZ_MAYS01000548,Candidatus Erwinia dacicola,Bactrocera oleae
NZ_MAYS01000542,Candidatus Erwinia dacicola,Bactrocera oleae
NZ_MAYS01000529,Candidatus Erwinia dacicola,Bactrocera oleae
NZ_MAYS01000474,Candidatus Erwinia dacicola,Bactrocera oleae
NZ_MAYS01000456,Candidatus Erwinia dacicola,Bactrocera oleae
NZ_MAYS01000455,Candidatus Erwinia dacicola,Bactrocera oleae
NZ_MAYS01000439,Candidatus Erwinia dacicola,Bactrocera oleae
NZ_MAYS01000430,Candidatus Erwinia dacicola,Bactrocera oleae
NZ_MAYS01000410,Candidatus Erwinia dacicola,Bactrocera oleae
NZ_MAYS01000408,Candidatus Erwinia dacicola,Bactrocera oleae
NZ_MAYS01000341,Candidatus Erwinia dacicola,Bactrocera oleae
NZ_MAYS01000336,Candidatus Erwinia dacicola,Bactrocera oleae
NZ_MAYS01000326,Candidatus Erwinia dacicola,Bactrocera oleae
NZ_MAYS01000319,Candidatus Erwinia dacicola,Bactrocera oleae
NZ_MAYS01000293,Candidatus Erwinia dacicola,Bactrocera oleae
NZ_MAYS01000289,Candidatus Erwinia dacicola,Bactrocera oleae
NZ_MAYS01000288,Candidatus Erwinia dacicola,Bactrocera oleae
NZ_MAYS01000257,Candidatus Erwinia dacicola,Bactrocera oleae
NZ_MAYS01000254,Candidatus Erwinia dacicola,Bactrocera oleae
NZ_MAYS01000242,Candidatus Erwinia dacicola,Bactrocera oleae
NZ_MAYS01000208,Candidatus Erwinia dacicola,Bactrocera oleae
NZ_MAYS01000206,Candidatus Erwinia dacicola,Bactrocera oleae
NZ_MAYS01000205,Candidatus Erwinia dacicola,Bactrocera oleae
NZ_MAYS01000203,Candidatus Erwinia dacicola,Bactrocera oleae
NZ_MAYS01000177,Candidatus Erwinia dacicola,Bactrocera oleae
NZ_MAYS01000171,Candidatus Erwinia dacicola,Bactrocera oleae
NZ_MAYS01000148,Candidatus Erwinia dacicola,Bactrocera oleae
NZ_MAYS01000145,Candidatus Erwinia dacicola,Bactrocera oleae
NZ_MAYS01000023,Candidatus Erwinia dacicola,Bactrocera oleae
NZ_MAYS01000016,Candidatus Erwinia dacicola,Bactrocera oleae
NZ_MAYS01000003,Candidatus Erwinia dacicola,Bactrocera oleae
NZ_MCFB01000021,Erwinia amylovora,hawthorn
NZ_PCQJ01000026,Erwinia billingiae,Caenorhabditis elegans MY379
NZ_JACVTS010000064,Erwinia sp. S38,Hypothenemus hampei
NZ_JACVTS010000063,Erwinia sp. S38,Hypothenemus hampei
NZ_LMLK01000018,Erwinia sp. Leaf53,Arabidopsis thaliana
NZ_QGAC01000104,Erwinia persicina,Raphanus sativus var. Flamboyant 5
NZ_QGAC01000103,Erwinia persicina,Raphanus sativus var. Flamboyant 5
NZ_QGAC01000102,Erwinia persicina,Raphanus sativus var. Flamboyant 5
NZ_QGAC01000101,Erwinia persicina,Raphanus sativus var. Flamboyant 5
NZ_QGAC01000100,Erwinia persicina,Raphanus sativus var. Flamboyant 5
NZ_QGAC01000099,Erwinia persicina,Raphanus sativus var. Flamboyant 5
NZ_QGAC01000098,Erwinia persicina,Raphanus sativus var. Flamboyant 5
NZ_QGAC01000097,Erwinia persicina,Raphanus sativus var. Flamboyant 5
NZ_JACYNN010000088,Erwinia persicina,Brassica napus
NZ_JACYNN010000087,Erwinia persicina,Brassica napus
NZ_JACYNN010000086,Erwinia persicina,Brassica napus
NZ_JACYNN010000085,Erwinia persicina,Brassica napus
NZ_JACYNN010000084,Erwinia persicina,Brassica napus
NZ_JACYMO010000031,Erwinia persicina,Raphanus sativus
NZ_JACYNM010000089,Erwinia persicina,Brassica napus
NZ_JACYNM010000088,Erwinia persicina,Brassica napus
NZ_JACYNM010000087,Erwinia persicina,Brassica napus
NZ_JACYNM010000086,Erwinia persicina,Brassica napus
NZ_JACYNM010000085,Erwinia persicina,Brassica napus
NZ_JACYMQ010000054,Erwinia persicina,Raphanus sativus
NZ_JACYMQ010000053,Erwinia persicina,Raphanus sativus
QGAC01000097,Erwinia persicina,Raphanus sativus var. Flamboyant 5
QGAC01000098,Erwinia persicina,Raphanus sativus var. Flamboyant 5
QGAC01000099,Erwinia persicina,Raphanus sativus var. Flamboyant 5
QGAC01000100,Erwinia persicina,Raphanus sativus var. Flamboyant 5
QGAC01000101,Erwinia persicina,Raphanus sativus var. Flamboyant 5
QGAC01000102,Erwinia persicina,Raphanus sativus var. Flamboyant 5
QGAC01000103,Erwinia persicina,Raphanus sativus var. Flamboyant 5
QGAC01000104,Erwinia persicina,Raphanus sativus var. Flamboyant 5
RQKG01000028,Erwinia amylovora,Apple tree
MCFB01000020,Erwinia amylovora,hawthorn
MCFB01000021,Erwinia amylovora,hawthorn
PCQJ01000026,Erwinia billingiae,Caenorhabditis elegans MY379
MAYS01000003,Candidatus Erwinia dacicola,Bactrocera oleae
MAYS01000016,Candidatus Erwinia dacicola,Bactrocera oleae
MAYS01000023,Candidatus Erwinia dacicola,Bactrocera oleae
MAYS01000145,Candidatus Erwinia dacicola,Bactrocera oleae
MAYS01000148,Candidatus Erwinia dacicola,Bactrocera oleae
MAYS01000171,Candidatus Erwinia dacicola,Bactrocera oleae
MAYS01000177,Candidatus Erwinia dacicola,Bactrocera oleae
MAYS01000203,Candidatus Erwinia dacicola,Bactrocera oleae
MAYS01000205,Candidatus Erwinia dacicola,Bactrocera oleae
MAYS01000206,Candidatus Erwinia dacicola,Bactrocera oleae
MAYS01000208,Candidatus Erwinia dacicola,Bactrocera oleae
MAYS01000242,Candidatus Erwinia dacicola,Bactrocera oleae
MAYS01000254,Candidatus Erwinia dacicola,Bactrocera oleae
MAYS01000257,Candidatus Erwinia dacicola,Bactrocera oleae
MAYS01000288,Candidatus Erwinia dacicola,Bactrocera oleae
MAYS01000289,Candidatus Erwinia dacicola,Bactrocera oleae
MAYS01000293,Candidatus Erwinia dacicola,Bactrocera oleae
MAYS01000319,Candidatus Erwinia dacicola,Bactrocera oleae
MAYS01000326,Candidatus Erwinia dacicola,Bactrocera oleae
MAYS01000336,Candidatus Erwinia dacicola,Bactrocera oleae
MAYS01000341,Candidatus Erwinia dacicola,Bactrocera oleae
MAYS01000408,Candidatus Erwinia dacicola,Bactrocera oleae
MAYS01000410,Candidatus Erwinia dacicola,Bactrocera oleae
MAYS01000430,Candidatus Erwinia dacicola,Bactrocera oleae
MAYS01000439,Candidatus Erwinia dacicola,Bactrocera oleae
MAYS01000455,Candidatus Erwinia dacicola,Bactrocera oleae
MAYS01000456,Candidatus Erwinia dacicola,Bactrocera oleae
MAYS01000474,Candidatus Erwinia dacicola,Bactrocera oleae
MAYS01000522,Candidatus Erwinia dacicola,Bactrocera oleae
MAYS01000529,Candidatus Erwinia dacicola,Bactrocera oleae
MAYS01000535,Candidatus Erwinia dacicola,Bactrocera oleae
MAYS01000542,Candidatus Erwinia dacicola,Bactrocera oleae
MAYS01000548,Candidatus Erwinia dacicola,Bactrocera oleae
MAYS01000563,Candidatus Erwinia dacicola,Bactrocera oleae
MAYS01000590,Candidatus Erwinia dacicola,Bactrocera oleae
MAYS01000591,Candidatus Erwinia dacicola,Bactrocera oleae
MAYS01000593,Candidatus Erwinia dacicola,Bactrocera oleae
MAYS01000602,Candidatus Erwinia dacicola,Bactrocera oleae
LMLK01000018,Erwinia sp. Leaf53,Arabidopsis thaliana
KF058035,Dickeya chrysanthemi (Pectobacterium chrysanthemi),Ananas comosus (pineapple)
KF058034,Dickeya chrysanthemi (Pectobacterium chrysanthemi),Ananas comosus (pineapple)
KF058033,Dickeya chrysanthemi (Pectobacterium chrysanthemi),Ananas comosus (pineapple)
KF058032,Dickeya chrysanthemi (Pectobacterium chrysanthemi),Ananas comosus (pineapple)
KF058017,Dickeya chrysanthemi (Pectobacterium chrysanthemi),Ananas comosus (pineapple)
KF058016,Dickeya chrysanthemi (Pectobacterium chrysanthemi),Ananas comosus (pineapple)
KF058015,Dickeya chrysanthemi (Pectobacterium chrysanthemi),Ananas comosus (pineapple)
KF058014,Dickeya chrysanthemi (Pectobacterium chrysanthemi),Ananas comosus (pineapple)
KF058013,Dickeya chrysanthemi (Pectobacterium chrysanthemi),Ananas comosus (pineapple)
KF058012,Dickeya chrysanthemi (Pectobacterium chrysanthemi),Ananas comosus (pineapple)
KF058010,Dickeya chrysanthemi (Pectobacterium chrysanthemi),Ananas comosus (pineapple)
KF058009,Dickeya chrysanthemi (Pectobacterium chrysanthemi),Ananas comosus (pineapple)
KF058008,Dickeya chrysanthemi (Pectobacterium chrysanthemi),Ananas comosus (pineapple)
KF058007,Dickeya chrysanthemi (Pectobacterium chrysanthemi),Ananas comosus (pineapple)
KF058006,Dickeya chrysanthemi (Pectobacterium chrysanthemi),Ananas comosus (pineapple)
KF058005,Dickeya chrysanthemi (Pectobacterium chrysanthemi),Ananas comosus (pineapple)
KF058004,Dickeya chrysanthemi (Pectobacterium chrysanthemi),Ananas comosus (pineapple)
KF058003,Dickeya chrysanthemi (Pectobacterium chrysanthemi),Ananas comosus (pineapple)
KF058002,Dickeya chrysanthemi (Pectobacterium chrysanthemi),Ananas comosus (pineapple)
KF058001,Dickeya chrysanthemi (Pectobacterium chrysanthemi),Ananas comosus (pineapple)
KF058000,Dickeya chrysanthemi (Pectobacterium chrysanthemi),Ananas comosus (pineapple)
KF057999,Dickeya chrysanthemi (Pectobacterium chrysanthemi),Ananas comosus (pineapple)
KF057998,Dickeya chrysanthemi (Pectobacterium chrysanthemi),Ananas comosus (pineapple)
KF057997,Dickeya chrysanthemi (Pectobacterium chrysanthemi),Ananas comosus (pineapple)
KF057996,Dickeya chrysanthemi (Pectobacterium chrysanthemi),Ananas comosus (pineapple)
KF057995,Dickeya chrysanthemi (Pectobacterium chrysanthemi),Ananas comosus (pineapple)
FM958433,uncultured Flavobacterium sp.,Bactrocera oleae
NZ_JAJTME010000019,Erwinia amylovora,Malus domestica
NZ_JAJTMG010000020,Erwinia amylovora,Malus domestica
NZ_JAJTLP010000023,Erwinia amylovora,Malus domestica
NZ_JAJTLK010000018,Erwinia amylovora,Malus domestica
OR690671,Winslowiella iniecta,sugar beet
NZ_JAJTLR010000020,Erwinia amylovora,Malus domestica
NZ_JAJTMH010000018,Erwinia amylovora,Malus domestica
ON600534,Duffyella gerundensis,Allium sativum
ON217561,Duffyella gerundensis,Agave tequilana
KJ833755,Dickeya chrysanthemi (Pectobacterium chrysanthemi),banana
KC346250,Dickeya chrysanthemi (Pectobacterium chrysanthemi),Philodendron selloum
KC346249,Dickeya chrysanthemi (Pectobacterium chrysanthemi),Philodendron selloum
JX995135,Dickeya chrysanthemi (Pectobacterium chrysanthemi),Phalaenopsis
JX134630,Winslowiella toletana,tobacco
JQ353810,Winslowiella toletana,Populus euphratica
JQ353805,Winslowiella toletana,Populus euphratica
JQ353776,Winslowiella toletana,Populus euphratica
JQ353771,Winslowiella toletana,Populus euphratica
EF530561,Dickeya chrysanthemi (Pectobacterium chrysanthemi),kumara
EF530560,Dickeya chrysanthemi (Pectobacterium chrysanthemi),carrot
EF530559,Dickeya chrysanthemi (Pectobacterium chrysanthemi),potato tuber
AY690717,Prodigiosinella confusarubida,Phragmites communis
AY690711,Prodigiosinella confusarubida,Phragmites communis
NZ_JAMWBL010000026,Erwinia amylovora,Pyrus sp.
NZ_JAJTMA010000017,Erwinia amylovora,Malus domestica
NZ_JAJTLJ010000021,Erwinia amylovora,Pyrus communis
NZ_JAJTLG010000021,Erwinia amylovora,Malus domestica
NZ_JAJTKR010000022,Erwinia amylovora,Crataegus sp.
NZ_JAJTJU010000022,Erwinia amylovora,Ribes sp.
NZ_JAJTKL010000021,Erwinia amylovora,Pyrus communis
NZ_JAJTKB010000019,Erwinia amylovora,Malus domestica
NZ_JAJTJW010000018,Erwinia amylovora,Malus domestica
NZ_JAJTKO010000023,Erwinia amylovora,Malus domestica
NZ_JAJTKQ010000024,Erwinia amylovora,Malus domestica
NZ_JAIMFX010000048,Erwinia amylovora,apple
NZ_JAIMFV010000045,Erwinia amylovora,apple
NZ_NQJR01000050,Erwinia amylovora,apple
NZ_NQJW01000052,Erwinia amylovora,apple
NZ_NQJQ01000050,Erwinia amylovora,apple
NZ_NQJZ01000042,Erwinia amylovora,apple
NZ_NQJS01000031,Erwinia amylovora,apple
NZ_JAJTKA010000021,Erwinia amylovora,Malus domestica
FM958447,uncultured Sphingobacterium sp.,Bactrocera oleae
FM958446,uncultured Sphingobacterium sp.,Bactrocera oleae
FM958445,uncultured Sphingobacterium sp.,Bactrocera oleae
FM958444,uncultured Sphingobacterium sp.,Bactrocera oleae
FM958432,uncultured Flavobacterium sp.,Bactrocera oleae
FM958427,uncultured beta proteobacterium,Bactrocera oleae
FM958426,uncultured beta proteobacterium,Bactrocera oleae
FM958425,uncultured beta proteobacterium,Bactrocera oleae
FM958423,uncultured Alphaproteobacteria bacterium,Bactrocera oleae
FM958421,uncultured Alphaproteobacteria bacterium,Bactrocera oleae
FM958442,uncultured Gammaproteobacteria bacterium,Bactrocera oleae
FM958439,uncultured Gammaproteobacteria bacterium,Bactrocera oleae
FM958436,uncultured Gammaproteobacteria bacterium,Bactrocera oleae
FM958435,uncultured Gammaproteobacteria bacterium,Bactrocera oleae
AJ583011,Pantoea agglomerans,pear
NZ_RQKG01000029,Erwinia amylovora,Apple tree
NZ_MCFB01000023,Erwinia amylovora,hawthorn
EF530551,Dickeya chrysanthemi (Pectobacterium chrysanthemi),potato tuber
NR_148578,[Pantoea] beijingensis,Pleurotus eryngii
MT605345,[Pantoea] cedenensis,Xyleborinus saxesenii
MT605338,[Pantoea] cedenensis,Xyleborinus saxesenii
KC846071,[Pantoea] beijingensis,Pleurotus eryngii
KF740583,[Pantoea] cedenensis,Xylosandrus germanus
KJ004471,[Pantoea] cedenensis,Pinus tabuliformis
KJ004470,[Pantoea] cedenensis,Pinus tabuliformis
KJ004469,[Pantoea] cedenensis,Pinus tabuliformis
KJ004468,[Pantoea] cedenensis,Pinus tabuliformis
KJ004467,[Pantoea] cedenensis,Pinus tabuliformis
KJ004466,[Pantoea] cedenensis,Pinus tabuliformis
KJ004465,[Pantoea] cedenensis,Pinus tabuliformis
KJ004464,[Pantoea] cedenensis,Pinus tabuliformis
JF494820,[Pantoea] cedenensis,Bursaphelenchus xylophilus from Pinus pinaster
JF494819,[Pantoea] cedenensis,Bursaphelenchus xylophilus from Pinus pinaster
JF494818,[Pantoea] cedenensis,Bursaphelenchus xylophilus from Pinus pinaster
FJ811867,[Pantoea] cedenensis,Dendroctonus valens
MTCH01000246,Erwinia sp. OLMDLW33,Orius laevigatus
MTCH01000247,Erwinia sp. OLMDLW33,Orius laevigatus
MTCH01000249,Erwinia sp. OLMDLW33,Orius laevigatus
MTCH01000250,Erwinia sp. OLMDLW33,Orius laevigatus
MTCH01000251,Erwinia sp. OLMDLW33,Orius laevigatus
NR_144582,Entomohabitans teleogrylli,cricket
KJ000798,Entomohabitans teleogrylli,cricket
KF500917,Entomohabitans teleogrylli,insect
OP704110,Pectobacterium carotovorum (Erwinia carotovora),Onion
OP297199,Pectobacterium carotovorum (Erwinia carotovora),Onion
GU075708,Pectobacterium carotovorum subsp. carotovorum,potato
GQ478383,uncultured Enterobacter sp.,Bactrocera oleae (olive fly)
GQ478382,uncultured Enterobacter sp.,Bactrocera oleae (olive fly)
AY309069,Pectobacterium carotovorum subsp. carotovorum,Chinese cabbage
AY309068,Pectobacterium carotovorum subsp. carotovorum,Chinese cabbage
NZ_JMEE01000033,[Pantoea] beijingensis,Pleurotus eryngii
OR758307,Pectobacterium carotovorum (Erwinia carotovora),potato
OR758306,Pectobacterium carotovorum (Erwinia carotovora),potato
OR758304,Pectobacterium carotovorum (Erwinia carotovora),potato
OR758303,Pectobacterium carotovorum (Erwinia carotovora),potato
OR758301,Pectobacterium carotovorum (Erwinia carotovora),potato
OR758300,Pectobacterium carotovorum (Erwinia carotovora),potato
OR758298,Pectobacterium carotovorum (Erwinia carotovora),potato
OR758294,Pectobacterium carotovorum (Erwinia carotovora),potato
OR758290,Pectobacterium carotovorum (Erwinia carotovora),potato
OR758281,Pectobacterium carotovorum (Erwinia carotovora),potato
OR758279,Pectobacterium carotovorum (Erwinia carotovora),potato
OR758278,Pectobacterium carotovorum (Erwinia carotovora),potato
OR758277,Pectobacterium carotovorum (Erwinia carotovora),potato
OR758276,Pectobacterium carotovorum (Erwinia carotovora),potato
OR758268,Pectobacterium carotovorum (Erwinia carotovora),potato
OR758267,Pectobacterium carotovorum (Erwinia carotovora),potato
OR758266,Pectobacterium carotovorum (Erwinia carotovora),potato
OR758265,Pectobacterium carotovorum (Erwinia carotovora),potato
OR758262,Pectobacterium carotovorum (Erwinia carotovora),potato
OR758261,Pectobacterium carotovorum (Erwinia carotovora),potato
OR758260,Pectobacterium carotovorum (Erwinia carotovora),potato
OR758259,Pectobacterium carotovorum (Erwinia carotovora),potato
OR758241,Pectobacterium carotovorum (Erwinia carotovora),potato
OR758240,Pectobacterium carotovorum (Erwinia carotovora),potato
OR758239,Pectobacterium carotovorum (Erwinia carotovora),potato
OR758238,Pectobacterium carotovorum (Erwinia carotovora),potato
OR758237,Pectobacterium carotovorum (Erwinia carotovora),potato
OR758234,Pectobacterium carotovorum (Erwinia carotovora),potato
OR758213,Pectobacterium carotovorum (Erwinia carotovora),potato
OR758212,Pectobacterium carotovorum (Erwinia carotovora),potato
OR690670,Pectobacterium carotovorum (Erwinia carotovora),sugar beet
OQ449570,Pectobacterium carotovorum (Erwinia carotovora),Pinellia ternata
OQ449569,Pectobacterium carotovorum (Erwinia carotovora),Pinellia ternata
OK427285,Pectobacterium carotovorum (Erwinia carotovora),Anoectochilus roxburghii (Wall.) Lindl.
MZ188906,Pseudomonas viridiflava,onion
MZ188905,Pseudomonas viridiflava,onion
MZ188904,Pseudomonas viridiflava,onion
MZ188903,Pseudomonas viridiflava,onion
MW159378,Pectobacterium carotovorum (Erwinia carotovora),walnut
MW148476,Pectobacterium carotovorum (Erwinia carotovora),walnut
MW148385,Pectobacterium carotovorum (Erwinia carotovora),walnut
KX094475,Pectobacterium carotovorum (Erwinia carotovora),Cydia pomonella
MT089919,Pectobacterium carotovorum (Erwinia carotovora),potato
NR_116048,Pectobacterium wasabiae CFBP 3304,potato tuber
NR_116046,Pectobacterium betavasculorum,potato tuber
JMEE01000024,[Pantoea] beijingensis,Pleurotus eryngii
MK181574,Dickeya chrysanthemi (Pectobacterium chrysanthemi),Pinellia ternata
MF480352,Pectobacterium carotovorum (Erwinia carotovora),Brassica oleracea
MG251432,Pectobacterium carotovorum (Erwinia carotovora),Solanum tuberosum
KX771006,Pectobacterium carotovorum (Erwinia carotovora),Artemisia selengensis Turcz. ex Bess.
KX771005,Pectobacterium carotovorum (Erwinia carotovora),Artemisia selengensis Turcz. ex Bess.
KX771004,Pectobacterium carotovorum (Erwinia carotovora),Artemisia selengensis Turcz. ex Bess.
KX771003,Pectobacterium carotovorum (Erwinia carotovora),Artemisia selengensis Turcz. ex Bess.
KX771002,Pectobacterium carotovorum (Erwinia carotovora),Artemisia selengensis Turcz. ex Bess.
KX771001,Pectobacterium carotovorum (Erwinia carotovora),Artemisia selengensis Turcz. ex Bess.
KX771000,Pectobacterium carotovorum (Erwinia carotovora),Artemisia selengensis Turcz. ex Bess.
KX249604,Pectobacterium carotovorum (Erwinia carotovora),Lactuca sativa L. (lettuce)
MF041857,Dickeya chrysanthemi (Pectobacterium chrysanthemi),banana
KX290775,Pectobacterium carotovorum (Erwinia carotovora),tobacco
KR812393,Winslowiella toletana,Peganum harmala
KF447400,Pectobacterium carotovorum (Erwinia carotovora),Solanum melongena
KC207898,Pectobacterium carotovorum (Erwinia carotovora),Silybum marianum
KC207897,Pectobacterium carotovorum (Erwinia carotovora),Typhonium giganteum
JX196705,Pectobacterium carotovorum (Erwinia carotovora),potato
JX258133,Pectobacterium carotovorum (Erwinia carotovora),potato
JX258132,Pectobacterium carotovorum (Erwinia carotovora),potato
HM235925,Pantoea agglomerans,plant
JN185670,Pectobacterium carotovorum (Erwinia carotovora),tomato
JN185669,Pectobacterium carotovorum (Erwinia carotovora),tomato
JN185668,Pectobacterium carotovorum (Erwinia carotovora),tomato
EF530558,Pectobacterium wasabiae CFBP 3304,potato tuber
EF530556,Pectobacterium betavasculorum,potato tuber
EF530554,Pectobacterium odoriferum,potato tuber
EF530553,Pectobacterium carotovorum (Erwinia carotovora),potato tuber
EF530552,Pectobacterium carotovorum (Erwinia carotovora),potato tuber
NR_181658,Tenebrionicola larvae,Tenebrio molitor
MW680838,Tenebrionicola larvae,Tenebrio molitor
MW680835,Tenebrionicola larvae,Tenebrio molitor
MN400217,Dickeya fangzhongdai,Orchid (Dendrobium sp.)
MN400214,Dickeya fangzhongdai,Orchid (Dendrobium sp.)
MN400213,Dickeya fangzhongdai,Orchid (Dendrobium sp.)
MN400216,Dickeya chrysanthemi (Pectobacterium chrysanthemi),Orchid (Dendrobium sp.)
MN400215,Dickeya chrysanthemi (Pectobacterium chrysanthemi),Orchid (Dendrobium sp.)
NR_149248,Sphingobacterium griseoflavum,cricket
KJ000806,Sphingobacterium griseoflavum,cricket
KJ000874,Myroides sp. SCU-B1722,cricket
KJ000872,Bacillus sp. SCU-BX,cricket
KJ000871,Stenotrophomonas sp. SCU-B2602,cricket
KJ000869,Ochrobactrum sp. SCU-B198,cricket
KJ000868,Pseudomonas sp. SCU-B112,cricket
KJ000867,Bacillus sp. SCU-B108,cricket
KJ000866,Ochrobactrum sp. SCU-B274,cricket
KJ000865,Comamonas sp. SCU-B272,cricket
KJ000864,Acinetobacter sp. SCU-B268,cricket
KJ000863,Acinetobacter sp. SCU-B267,cricket
KJ000862,Exiguobacterium sp. SCU-B266,cricket
KJ000861,Acinetobacter sp. SCU-B262,cricket
KJ000860,Lysinibacillus sp. SCU-B261,cricket
KJ000859,Leclercia sp. SCU-B259,cricket
KJ000857,Bacillus sp. SCU-255,cricket
KJ000856,Bacillus sp. SCU-B253,cricket
KJ000855,Leclercia sp. SCU-B252,cricket
KJ000854,Acinetobacter sp. SCU-B251,cricket
KJ000850,Staphylococcus sp. SCU-B242,cricket
KJ000849,Brevundimonas sp. SCU-B241,cricket
KJ000848,Myroides sp. SCU-B239,cricket
KJ000847,Proteus sp. SCU-B237,cricket
KJ000846,Brevundimonas sp. SCU-B236,cricket
KJ000843,Enterobacter sp. SCU-B225,cricket
KJ000842,Stenotrophomonas sp. SCU-B223,cricket
KJ000841,Stenotrophomonas sp. SCU-B222,cricket
KJ000840,Stenotrophomonas sp. SCU-B221,cricket
KJ000839,Brevundimonas sp. SCU-B220,cricket
KJ000838,Ochrobactrum sp. SCU-B217,cricket
KJ000837,Achromobacter sp. SCU-B212,cricket
KJ000836,Achromobacter sp. SCU-B211,cricket
KJ000835,Achromobacter sp. SCU-B208,cricket
KJ000834,Achromobacter sp. SCU-B207,cricket
KJ000833,Achromobacter sp. SCU-B204,cricket
KJ000832,Pseudoxanthomonas sp. SCU-B203,cricket
KJ000831,Achromobacter sp. SCU-B200,cricket
KJ000830,Ochrobactrum sp. SCU-B197,cricket
KJ000829,Brevundimonas sp. SCU-B196,cricket
KJ000828,Achromobacter sp. SCU-B194,cricket
KJ000827,Brevundimonas sp. SCU-B193,cricket
KJ000825,Achromobacter sp. SCU-B191,cricket
KJ000824,Achromobacter sp. SCU-B189,cricket
KJ000823,Ochrobactrum sp. SCU-B188,cricket
KJ000821,Bacillus sp. SCU-B181,cricket
KJ000820,Bacillus sp. SCU-B179,cricket
KJ000819,Lysinibacillus sp. SCU-B177,cricket
KJ000818,Staphylococcus sp. SCU-B173,cricket
KJ000817,Wautersiella sp. SCU-B169,cricket
KJ000814,Enterobacter sp. SCU-B161,cricket
KJ000813,Bacillus sp. SCU-B160,cricket
KJ000812,Pseudomonas sp. SCU-B159,cricket
KJ000811,Bacillus sp. SCU-B154,cricket
KJ000810,Proteus sp. SCU-B153,cricket
KJ000809,Bacillus sp. SCU-B149,cricket
KJ000808,Lysinibacillus sp. SCU-B143,cricket
KJ000807,Bacillus sp. SCU-B141,cricket
KJ000805,Lysinibacillus sp. SCU-B139,cricket
KJ000804,Sphingobacterium sp. SCU-B137,cricket
KJ000803,Ochrobactrum sp. SCU-B136,cricket
KJ000802,Acinetobacter sp. SCU-B134,cricket
KJ000801,Pseudomonas sp. SCU-B131,cricket
KJ000800,Stenotrophomonas sp. SCU-B130,cricket
KJ000799,Pseudomonas sp. SCU-B128,cricket
KJ000796,Sphingobacterium sp. SCU-B124,cricket
KJ000792,Ochrobactrum sp. SCU-B119,cricket
KJ000791,Ochrobactrum sp. SCU-B115,cricket
KJ000789,Stenotrophomonas sp. SCU-B105,cricket
KJ000787,Ochrobactrum sp. SCU-B113,cricket
KJ000785,Pseudomonas sp. SCU-B99,cricket
KJ000784,Pseudomonas sp. SCU-B97,cricket
KJ000782,Ochrobactrum sp. SCU-B91,cricket
KJ000781,Pseudomonas sp. SCU-B90,cricket
KJ000780,Pseudomonas sp. SCU-B88,cricket
KJ000779,Ochrobactrum sp. SCU-B87,cricket
KJ000778,Klebsiella sp. SCU-B85,cricket
KJ000777,Klebsiella sp. SCU-B84,cricket
KJ000776,Stenotrophomonas sp. SCU-B82,cricket
KJ000775,Stenotrophomonas sp. SCU-B81,cricket
KJ000774,Pseudomonas sp. SCU-B80,cricket
KJ000773,Stenotrophomonas sp. SCU-B78,cricket
KJ000772,Brevundimonas sp. SCU-B77,cricket
KJ000770,Pseudomonas sp. SCU-B73,cricket
KJ000769,Stenotrophomonas sp. SCU-B72,cricket
KJ000768,Paenibacillus sp. SCU-B70,cricket
KJ000767,Lactococcus sp. SCU-B69,cricket
KJ000766,Kluyvera sp. SCU-B68,cricket
KJ000765,Klebsiella sp. SCU-B63,cricket
KJ000764,Bacillus sp. SCU-B62,cricket
KJ000763,Bacillus sp. SCU-B60,cricket
KJ000762,Acinetobacter sp. SCU-B47,cricket
KJ000761,Lysinibacillus sp. SCU-B43,cricket
KJ000760,Kluyvera sp. SCU-B34,cricket
KJ000759,Brevundimonas sp. SCU-B33,cricket
KJ000757,Enterobacter sp. SCU-B25,cricket
KJ000755,Ochrobactrum sp. SCU-B19,cricket
KJ000752,Myroides sp. SCU-B14,cricket
KJ000751,Bacillus sp. SCU-B9,cricket
KJ000749,Arthrobacter sp. SCU-B7,cricket
KJ000748,Enterobacter sp. SCU-B5,cricket
KU312049,Pseudomonas fluorescens,pea
KU312048,Enterobacter sp. A529,pea
KU312047,Pseudomonas fluorescens,pea
KF057994,Pectobacterium carotovorum subsp. carotovorum,Artocarpus heterophyllus (jackfruit)
KF057993,Pectobacterium carotovorum subsp. carotovorum,Artocarpus heterophyllus (jackfruit)
FJ668331,Pseudomonas sp. JAN,Malus domestica
HQ420253,Pseudomonas fluorescens,pear
GQ478376,uncultured Enterobacter sp.,Bactrocera oleae (olive fly)
JMEE01000033,[Pantoea] beijingensis,Pleurotus eryngii
NZ_JRXE01000060,Winslowiella iniecta,Diuraphis noxia
NZ_JRXE01000059,Winslowiella iniecta,Diuraphis noxia
NZ_LLXO01000078,Entomohabitans teleogrylli,cricket
NZ_LLXO01000077,Entomohabitans teleogrylli,cricket
NZ_LLXO01000076,Entomohabitans teleogrylli,cricket
QZDJ01000005,Pectobacterium carotovorum (Erwinia carotovora),Solanum tuberosum
NZ_JAAKYV010000092,Pectobacterium carotovorum (Erwinia carotovora),potato
NZ_JAAKYW010000103,Pectobacterium carotovorum (Erwinia carotovora),potato
NZ_JAAKYW010000102,Pectobacterium carotovorum (Erwinia carotovora),potato
NZ_JAAKYW010000101,Pectobacterium carotovorum (Erwinia carotovora),potato
NZ_NCQM01000028,Pectobacterium carotovorum (Erwinia carotovora),Opuntia ficus-indica
NCQM01000028,Pectobacterium carotovorum (Erwinia carotovora),Opuntia ficus-indica
NCQL01000128,Pectobacterium carotovorum (Erwinia carotovora),Nicotiana sp.
NCQL01000130,Pectobacterium carotovorum (Erwinia carotovora),Nicotiana sp.
NCQL01000131,Pectobacterium carotovorum (Erwinia carotovora),Nicotiana sp.
NCQL01000132,Pectobacterium carotovorum (Erwinia carotovora),Nicotiana sp.
NZ_JBDFQP010000048,Pseudomonas syringae,Pyrus communis
NZ_JBDFQP010000047,Pseudomonas syringae,Pyrus communis
NZ_JBDFQL010000025,Pseudomonas koreensis,Pyrus communis
NZ_JBDFPJ010000010,Pantoea agglomerans,Crataegus monogyna
NZ_JBDFPI010000029,Pantoea agglomerans,Malus sp.
NZ_JBDFPI010000027,Pantoea agglomerans,Malus sp.
NZ_JBDFPI010000026,Pantoea agglomerans,Malus sp.
NZ_JBDFPI010000025,Pantoea agglomerans,Malus sp.
NZ_JBDFPI010000024,Pantoea agglomerans,Malus sp.
NZ_JBDFPD010000012,Pantoea agglomerans,Malus domestica 'Egremont Russet'
NZ_JBDFNY010000010,Pantoea agglomerans,Crataegus monogyna
NZ_JBDFNS010000019,Pantoea agglomerans,Crataegus monogyna
NZ_JBDFOI010000010,Pantoea agglomerans,Pyrus communis
NZ_JBDFNA010000015,Pantoea agglomerans,Malus sp.
NZ_JBDFNV010000019,Pantoea agglomerans,Crataegus sp.
NZ_JBDFNV010000018,Pantoea agglomerans,Crataegus sp.
NZ_JBDFNF010000006,Pantoea agglomerans,Crataegus mollis
NZ_JBDFNE010000017,Pantoea agglomerans,Malus sp.
NZ_JBDFNE010000016,Pantoea agglomerans,Malus sp.
NZ_JBDFMY010000014,Pantoea agglomerans,Malus halliana
NZ_JBDFOH010000029,Pantoea agglomerans,Malus domestica 'Egremont Russet'
NZ_JBDFOH010000028,Pantoea agglomerans,Malus domestica 'Egremont Russet'
NZ_JBDFQA010000014,Pantoea agglomerans,Malus halliana
NZ_JRXF01000076,Winslowiella iniecta,Diuraphis noxia
NZ_JRXF01000075,Winslowiella iniecta,Diuraphis noxia
NZ_JRXF01000074,Winslowiella iniecta,Diuraphis noxia
NZ_JACSXD010000053,Duffyella gerundensis,Malus domestica
NZ_JACSXD010000052,Duffyella gerundensis,Malus domestica
NZ_JACSXG010000063,Duffyella gerundensis,Malus domestica
JRXE01000059,Winslowiella iniecta,Diuraphis noxia
JRXE01000060,Winslowiella iniecta,Diuraphis noxia
NZ_JBBPDX010000031,Pectobacterium carotovorum (Erwinia carotovora),potato
NZ_JQHM01000043,Pectobacterium betavasculorum,Beta vulgaris
NZ_JQHM01000042,Pectobacterium betavasculorum,Beta vulgaris
NZ_JBBBPZ010000029,Pectobacterium carotovorum (Erwinia carotovora),potato
NZ_JBBBQN010000027,Pectobacterium carotovorum (Erwinia carotovora),potato
NZ_JBBBQN010000025,Pectobacterium carotovorum (Erwinia carotovora),potato
NZ_JBBBQW010000027,Pectobacterium carotovorum (Erwinia carotovora),potato
NZ_JBBBQW010000025,Pectobacterium carotovorum (Erwinia carotovora),potato
NZ_JBBBPV010000023,Pectobacterium carotovorum (Erwinia carotovora),potato
NZ_JBBBQB010000023,Pectobacterium carotovorum (Erwinia carotovora),potato
NZ_JBBBQF010000024,Pectobacterium carotovorum (Erwinia carotovora),potato
NZ_JBBBPE010000099,Pectobacterium carotovorum (Erwinia carotovora),potato
NZ_JBBBPE010000098,Pectobacterium carotovorum (Erwinia carotovora),potato
NZ_JBBBQC010000023,Pectobacterium carotovorum (Erwinia carotovora),potato
NZ_JBBBPY010000027,Pectobacterium carotovorum (Erwinia carotovora),potato
NZ_JBBBOQ010000019,Pectobacterium carotovorum (Erwinia carotovora),potato
NZ_JBBBQD010000034,Pectobacterium carotovorum (Erwinia carotovora),potato
NZ_JBBBQE010000024,Pectobacterium carotovorum (Erwinia carotovora),potato
NZ_JBBBQE010000022,Pectobacterium carotovorum (Erwinia carotovora),potato
NZ_JBBBQT010000026,Pectobacterium carotovorum (Erwinia carotovora),potato
NZ_JBBBQT010000025,Pectobacterium carotovorum (Erwinia carotovora),potato
NZ_JACDRX010000029,Pectobacterium carotovorum (Erwinia carotovora),Solanum tuberosum
NZ_JACDRZ010000042,Pectobacterium carotovorum (Erwinia carotovora),Capsicum annuum
NZ_JACDRZ010000037,Pectobacterium carotovorum (Erwinia carotovora),Capsicum annuum
NZ_JACDRZ010000036,Pectobacterium carotovorum (Erwinia carotovora),Capsicum annuum
NZ_JACDRZ010000033,Pectobacterium carotovorum (Erwinia carotovora),Capsicum annuum
NZ_QZDJ01000025,Pectobacterium carotovorum (Erwinia carotovora),Solanum tuberosum
NZ_QZDJ01000019,Pectobacterium carotovorum (Erwinia carotovora),Solanum tuberosum
NZ_JBAMDK010000110,Pectobacterium carotovorum (Erwinia carotovora),potato
NZ_JACDRY010000044,Pectobacterium carotovorum (Erwinia carotovora),Solanum tuberosum
NZ_JACDRY010000023,Pectobacterium carotovorum (Erwinia carotovora),Solanum tuberosum
NZ_NCQL01000132,Pectobacterium carotovorum (Erwinia carotovora),Nicotiana sp.
NZ_NCQL01000131,Pectobacterium carotovorum (Erwinia carotovora),Nicotiana sp.
NZ_NCQL01000130,Pectobacterium carotovorum (Erwinia carotovora),Nicotiana sp.
NZ_NCQL01000128,Pectobacterium carotovorum (Erwinia carotovora),Nicotiana sp.
NZ_JQHP01000035,Pectobacterium wasabiae,Eutrema japonicum
NZ_JAQRAA010000008,Pectobacterium carotovorum (Erwinia carotovora),Solanum tuberosum
NZ_AKVS01000043,Pectobacterium wasabiae CFBP 3304,Eutrema japonicum
QZDJ01000019,Pectobacterium carotovorum (Erwinia carotovora),Solanum tuberosum
QZDJ01000025,Pectobacterium carotovorum (Erwinia carotovora),Solanum tuberosum
PJJA01000068,Pectobacterium carotovorum (Erwinia carotovora),Solanum tuberosum
PJJA01000069,Pectobacterium carotovorum (Erwinia carotovora),Solanum tuberosum
PJJA01000070,Pectobacterium carotovorum (Erwinia carotovora),Solanum tuberosum
PJJA01000071,Pectobacterium carotovorum (Erwinia carotovora),Solanum tuberosum
NZ_JBDFPL010000032,Pseudomonas sp. Ps21-P2,Crataegus pinnatifida
NZ_JBDFQJ010000041,Pseudomonas syringae,Pyrus communis
NZ_JBDFQJ010000040,Pseudomonas syringae,Pyrus communis
NZ_JBDFQK010000043,Pseudomonas syringae,Pyrus communis
NZ_JBDFQK010000042,Pseudomonas syringae,Pyrus communis
NZ_JBDFPQ010000039,Chryseobacterium sp. C39-AII1,Prunus serrulata 'Shirofugen'
NZ_JBDFPV010000019,Pantoea agglomerans,Malus transitoria
NZ_JBDFPV010000018,Pantoea agglomerans,Malus transitoria
NZ_JBCDMH010000050,Bacillus sp. PBIB1,Kandelia candel
NZ_JBCDMH010000048,Bacillus sp. PBIB1,Kandelia candel
NZ_MIPO01000278,Pantoea deleyi,Eucalyptus
NZ_MIPO01000277,Pantoea deleyi,Eucalyptus
NZ_MIPO01000276,Pantoea deleyi,Eucalyptus
NZ_MIPO01000275,Pantoea deleyi,Eucalyptus
NZ_MIPO01000274,Pantoea deleyi,Eucalyptus
NZ_MIPO01000273,Pantoea deleyi,Eucalyptus
NZ_MIPO01000272,Pantoea deleyi,Eucalyptus
NZ_MIPO01000271,Pantoea deleyi,Eucalyptus
NZ_MIPO01000270,Pantoea deleyi,Eucalyptus
NZ_MIPO01000269,Pantoea deleyi,Eucalyptus
NZ_MIPO01000268,Pantoea deleyi,Eucalyptus
NZ_MLJJ01000079,Pantoea septica,Homo sapiens
NZ_MLJJ01000078,Pantoea septica,Homo sapiens
NZ_MLFS01000131,Pantoea wallisii,Eucalyptus
NZ_MLFS01000130,Pantoea wallisii,Eucalyptus
NZ_MLFS01000129,Pantoea wallisii,Eucalyptus
NZ_MLFN01000107,Pantoea conspicua,Homo sapiens
NZ_SGQA01000046,Pectobacterium atrosepticum,Solanum tuberosum
NZ_JAGFEW010000104,Tenebrionicola larvae,Tenebrio molitor L.
NZ_JAGFEW010000103,Tenebrionicola larvae,Tenebrio molitor L.
NZ_JACSXN010000042,Pantoea agglomerans,Pyrus communis
NZ_JACSWN010000042,Pantoea agglomerans,Malus domestica
NZ_JACSWQ010000054,Pantoea agglomerans,Malus domestica
NZ_JACSWQ010000053,Pantoea agglomerans,Malus domestica
NZ_JACSXA010000042,Pantoea agglomerans,Malus
NZ_JACSXC010000047,Pantoea agglomerans,Sorbus aucuparia
NZ_JACSWT010000085,Pantoea agglomerans,Malus domestica
NZ_JACSWT010000083,Pantoea agglomerans,Malus domestica
NZ_JACSWT010000082,Pantoea agglomerans,Malus domestica
NZ_JACSWT010000081,Pantoea agglomerans,Malus domestica
NZ_JACSWT010000080,Pantoea agglomerans,Malus domestica
NZ_SCKT01000027,Pantoea dispersa,corn
NZ_SGPT01000040,Pectobacterium polaris,Solanum tuberosum
NZ_SGPT01000039,Pectobacterium polaris,Solanum tuberosum
NZ_SGQI01000021,Pantoea agglomerans,Malus domestica
NZ_JACSXM010000015,Pantoea agglomerans,Pyrus communis
NZ_JACSWO010000072,Pantoea agglomerans,Malus domestica
NZ_JACSWO010000071,Pantoea agglomerans,Malus domestica
NZ_JACSWO010000069,Pantoea agglomerans,Malus domestica
NZ_JACSWO010000068,Pantoea agglomerans,Malus domestica
NZ_MLFP01000058,Pantoea rodasii,Eucalyptus
NZ_MLFP01000057,Pantoea rodasii,Eucalyptus
NZ_MLFP01000056,Pantoea rodasii,Eucalyptus
NZ_JACSXH010000039,Pantoea agglomerans,Pyrus communis
MLJJ01000078,Pantoea septica,Homo sapiens
MLJJ01000079,Pantoea septica,Homo sapiens
MIPO01000268,Pantoea deleyi,Eucalyptus
MIPO01000269,Pantoea deleyi,Eucalyptus
MIPO01000270,Pantoea deleyi,Eucalyptus
MIPO01000271,Pantoea deleyi,Eucalyptus
MIPO01000272,Pantoea deleyi,Eucalyptus
MIPO01000273,Pantoea deleyi,Eucalyptus
MIPO01000274,Pantoea deleyi,Eucalyptus
MIPO01000275,Pantoea deleyi,Eucalyptus
MIPO01000276,Pantoea deleyi,Eucalyptus
MIPO01000277,Pantoea deleyi,Eucalyptus
MIPO01000278,Pantoea deleyi,Eucalyptus
MIPO01000279,Pantoea deleyi,Eucalyptus
MLFS01000128,Pantoea wallisii,Eucalyptus
MLFS01000129,Pantoea wallisii,Eucalyptus
MLFS01000130,Pantoea wallisii,Eucalyptus
MLFS01000131,Pantoea wallisii,Eucalyptus
MLFP01000056,Pantoea rodasii,Eucalyptus
MLFP01000057,Pantoea rodasii,Eucalyptus
MLFP01000058,Pantoea rodasii,Eucalyptus
MIEI01000174,Pantoea brenneri,Homo sapiens
MIEI01000175,Pantoea brenneri,Homo sapiens
MIEI01000176,Pantoea brenneri,Homo sapiens
MLFN01000107,Pantoea conspicua,Homo sapiens
JRXF01000074,Winslowiella iniecta,Diuraphis noxia
JRXF01000075,Winslowiella iniecta,Diuraphis noxia
JRXF01000076,Winslowiella iniecta,Diuraphis noxia
JQHP01000035,Pectobacterium wasabiae,Eutrema wasabi
JQHM01000042,Pectobacterium betavasculorum,Beta vulgaris
JQHM01000043,Pectobacterium betavasculorum,Beta vulgaris
NZ_JBCDMI010000047,Bacillus sp. PBIB4,Kandelia candel
NZ_JBBPDX010000032,Pectobacterium carotovorum (Erwinia carotovora),potato
NZ_JBBBPZ010000028,Pectobacterium carotovorum (Erwinia carotovora),potato
NZ_JBBBPV010000022,Pectobacterium carotovorum (Erwinia carotovora),potato
NZ_JBBBPY010000026,Pectobacterium carotovorum (Erwinia carotovora),potato
NZ_JBBBOQ010000018,Pectobacterium carotovorum (Erwinia carotovora),potato
NZ_QZDJ01000005,Pectobacterium carotovorum (Erwinia carotovora),Solanum tuberosum
NZ_JBAMDK010000109,Pectobacterium carotovorum (Erwinia carotovora),potato
NZ_JAWQQL010000016,Pectobacterium carotovorum (Erwinia carotovora),Solanum tuberosum (cv. Superior)
NZ_JAWQQR010000015,Pectobacterium carotovorum (Erwinia carotovora),Solanum tuberosum (cv. Red Norland)
NZ_JAWQQU010000021,Pectobacterium carotovorum (Erwinia carotovora),Solanum tuberosum (cv. Red Norland)
NZ_JAWQQH010000020,Pectobacterium carotovorum (Erwinia carotovora),Solanum tuberosum (cv. Reba)
NZ_JAWQQS010000022,Pectobacterium carotovorum (Erwinia carotovora),Solanum tuberosum (cv. Red Norland)
NZ_JAWQQX010000021,Pectobacterium carotovorum (Erwinia carotovora),Solanum tuberosum (cv. Reba)
NZ_JAWQQY010000021,Pectobacterium carotovorum (Erwinia carotovora),Solanum tuberosum (cv. Reba)
NZ_SGPN01000020,Pectobacterium atrosepticum,Solanum tuberosum
NZ_JACSXI010000017,Pantoea agglomerans,Pyrus communis
NZ_SGPO01000022,Pectobacterium atrosepticum,Solanum tuberosum
